"bamfile"	"mean_depth"	"proportion_of_reference_covered"	"pop"
"1"	"AGAB_03_EKDL210004790-1a-AK11377-AK16262_HHJYYDSX2_L3"	1.35037185446448	0.631083787060456	"AGAB"
"2"	"AGAB_04_EKDL210004789-1a-AK11677-AK5989_HHJYYDSX2_L2"	1.14012508156645	0.580110431814104	"AGAB"
"3"	"AGAB_05_EKDL210004789-1a-AK11659-AK16242_HHJYYDSX2_L2"	1.68888673913708	0.686988750711465	"AGAB"
"4"	"AGAB_06_EKDL200012859-1a-AK11456-AK16260_HNLVYDSXY_L1"	1.47006110139551	0.653034178964026	"AGAB"
"5"	"AGAB_07_01_EKDL200012859-1a-AK11401-AK7949_HNLVYDSXY_L1"	1.78060383284402	0.701579178444892	"AGAB"
"6"	"AGAB_08_EKDL210004788-1a-AK11464-AK16277_HHJYYDSX2_L1"	2.2141230086364	0.749849961226909	"AGAB"
"7"	"AGAB_10_EKDL210004788-1a-GG04-AK5420_HHJYYDSX2_L1"	2.23359424141599	0.756565916237176	"AGAB"
"8"	"AGAB_11_EKDL210004790-1a-AK11471-AK16271_HHJYYDSX2_L3"	1.91420953237365	0.720780436588371	"AGAB"
"9"	"AGAB_13_EKDL200012859-1a-AK11640-AK16265_HNLVYDSXY_L1"	1.08251658609398	0.563639863782763	"AGAB"
"10"	"AGAB_14_EKDL200012859-1a-AK12637-AK16268_HNLVYDSXY_L1"	1.2679599284395	0.615038694385326	"AGAB"
"11"	"AGAB_15_EKDL210004788-1a-AK11416-AK16269_HHJYYDSX2_L1"	1.42631809899921	0.6411860638943	"AGAB"
"12"	"AGAB_18_EKDL200012859-1a-AK11718-AK16243_HNLVYDSXY_L1"	0.85559780081198	0.500419217731563	"AGAB"
"13"	"AGAB_19_EKDL210004789-1a-AK11690-AK16231_HHJYYDSX2_L2"	1.95570933453646	0.720877999360518	"AGAB"
"14"	"AGAB_20_EKDL210005548-1a-AK11178-AK16246_HHJKNDSX2_L4"	1.71515609590785	0.693856078588466	"AGAB"
"15"	"AGAB_23_EKDL200012859-1a-AK11195-AK16227_HNLVYDSXY_L1"	0.982221118177599	0.54640421533548	"AGAB"
"16"	"AGAB_99_EKDL200012859-1a-AK11506-AK16290_HNLVYDSXY_L1"	0.777614017985413	0.469092935741488	"AGAB"
"17"	"BARR_01_EKDL210005548-1a-AK11598-AK16273_HHJKNDSX2_L4"	1.5513347876979	0.676198358923456	"BARR"
"18"	"BARR_02_EKDL210004789-1a-AK11506-AK16290_HHJYYDSX2_L2"	1.48791758265842	0.66248067608041	"BARR"
"19"	"BARR_03_EKDL200012859-1a-AK11428-AK16253_HNLVYDSXY_L1"	0.971039184035551	0.539028874854766	"BARR"
"20"	"BARR_04_EKDL210004790-1a-AK11710-AK16288_HHJYYDSX2_L3"	1.02826632742781	0.541241762988568	"BARR"
"21"	"BARR_06_EKDL210005548-1a-AK11456-AK16260_HHJKNDSX2_L4"	1.77775167757003	0.707799301630443	"BARR"
"22"	"BARR_07_EKDL210004788-1a-AK11160-AK9453_HHJYYDSX2_L1"	1.42674521291051	0.647271506262253	"BARR"
"23"	"BARR_08_EKDL210005548-1a-AK11426-AK5939_HHJKNDSX2_L4"	1.94876534420215	0.731595846055553	"BARR"
"24"	"BARR_09_EKDL210004790-1a-AK11677-AK5989_HHJYYDSX2_L3"	1.13320763791856	0.556251575688708	"BARR"
"25"	"BARR_10_EKDL210004789-1a-AK11168-AK16259_HHJYYDSX2_L2"	0.836129572437543	0.487811719895006	"BARR"
"26"	"BARR_11_EKDL210004789-1a-AK11177-AK16280_HHJYYDSX2_L2"	1.92055137244754	0.718430172062745	"BARR"
"27"	"BARR_12_EKDL200012859-1a-AK11460-AK16272_HNLVYDSXY_L1"	1.2409289886235	0.612813118522771	"BARR"
"28"	"BARR_13_EKDL200012859-1a-AK7415-AK16289_HNLVYDSXY_L1"	1.34553902667673	0.637742949713082	"BARR"
"29"	"BARR_14_EKDL200012859-1a-AK11667-AK16287_HNLVYDSXY_L1"	0.967996966888122	0.53283026265455	"BARR"
"30"	"BARR_15_EKDL200012859-1a-AK11171-AK16279_HNLVYDSXY_L1"	0.722635580184325	0.451152502433537	"BARR"
"31"	"BOVA_01_EKDL200012859-1a-AK11177-AK16280_HNLVYDSXY_L1"	1.29758157031071	0.616255975150204	"BOVA"
"32"	"BOVA_04_EKDL210004790-1a-AK11608-AK2002_HHJYYDSX2_L3"	1.48713200981791	0.662741066453003	"BOVA"
"33"	"BOVA_05_EKDL210004789-1a-AK11416-AK16269_HHJYYDSX2_L2"	1.12447280852547	0.579152228014058	"BOVA"
"34"	"BOVA_06_EKDL210004789-1a-AK11572-AK16283_HHJYYDSX2_L2"	1.52263411037966	0.662358029201189	"BOVA"
"35"	"BOVA_07_EKDL210005548-1a-AK7685-AK16294_HHJKNDSX2_L4"	1.56296820080488	0.673714711837772	"BOVA"
"36"	"BOVA_08_EKDL210004789-1a-AK11401-AK7949_HHJYYDSX2_L2"	1.49816530629095	0.656480037666344	"BOVA"
"37"	"BOVA_12_EKDL210004788-1a-AK11608-AK2002_HHJYYDSX2_L1"	2.25872632458261	0.753723375527546	"BOVA"
"38"	"BOVA_13_EKDL200012859-1a-AK11246-AK16274_HNLVYDSXY_L1"	1.18236126729314	0.591830526337183	"BOVA"
"39"	"BOVA_14_EKDL210004788-1a-AK11387-AK16228_HHJYYDSX2_L1"	1.39118392042929	0.636908651426136	"BOVA"
"40"	"BOVA_16_EKDL210005548-1a-AK11692-AK16230_HHJKNDSX2_L4"	1.16504515368282	0.596110682161045	"BOVA"
"41"	"COLN_01_EKDL210004789-1a-AK11204-AK16254_HHJYYDSX2_L2"	1.54909237178007	0.675007368456453	"COLN"
"42"	"COLN_02_EKDL210004790-1a-AK11479-AK16234_HHJYYDSX2_L3"	2.35709163432346	0.753883100828558	"COLN"
"43"	"COLN_03_EKDL210005548-1a-AK11440-AK16251_HHJKNDSX2_L4"	1.99826951243634	0.72442761028363	"COLN"
"44"	"COLN_04_EKDL210004789-1a-AK11665-AK16278_HHJYYDSX2_L2"	1.80422529313827	0.703106015551011	"COLN"
"45"	"COLN_06_EKDL210004790-1a-AK11428-AK16253_HHJYYDSX2_L3"	2.06610935881214	0.740178562551748	"COLN"
"46"	"COLN_07_EKDL210004788-1a-AK7685-AK16294_HHJYYDSX2_L1"	1.69334776764202	0.691556350543935	"COLN"
"47"	"COLN_08_EKDL210004790-1a-AK11433-AK13293_HHJYYDSX2_L3"	1.88552904913619	0.69863229115958	"COLN"
"48"	"COLN_09_EKDL210004788-1a-AK11440-AK16251_HHJYYDSX2_L1"	1.65365481249601	0.679132185551457	"COLN"
"49"	"COLN_11_EKDL200012859-1a-AK8204-AK9482_HNLVYDSXY_L1"	1.13354086589999	0.571940894520352	"COLN"
"50"	"COLN_13_EKDL210004790-1a-AK11584-AK16263_HHJYYDSX2_L3"	1.25127579820868	0.592283526151712	"COLN"
"51"	"COLN_15_EKDL210005548-1a-AK11449-AK16245_HHJKNDSX2_L4"	0.923850490755086	0.528057275915455	"COLN"
"52"	"CORS_01_EKDL210004788-1a-AK11479-AK16234_HHJYYDSX2_L1"	1.92448239372151	0.725184690216621	"CORS"
"53"	"CORS_02_EKDL210004790-1a-AK11485-AK16252_HHJYYDSX2_L3"	0.57747951174505	0.39871778002007	"CORS"
"54"	"CORS_06_EKDL210004790-1a-AK11464-AK16277_HHJYYDSX2_L3"	1.84182012192206	0.71205472646396	"CORS"
"55"	"CORS_08_EKDL210005548-1a-AK11495-AK16238_HHJKNDSX2_L4"	1.47276184767542	0.658973440330001	"CORS"
"56"	"CRES_02_EKDL210004789-1a-AK11698-AK16226_HHJYYDSX2_L2"	1.22420638964618	0.608592645252867	"CRES"
"57"	"CRES_03_EKDL210004790-1a-AK11524-AK16276_HHJYYDSX2_L3"	0.687077532181574	0.439490154732126	"CRES"
"58"	"CRES_05_EKDL210004790-1a-AK8204-AK9482_HHJYYDSX2_L3"	0.770926154984062	0.476391343391673	"CRES"
"59"	"CRES_06_EKDL200012859-1a-AK11520-AK16285_HNLVYDSXY_L1"	0.875988232560947	0.503013801739774	"CRES"
"60"	"CRES_07_EKDL210004789-1a-AK12629-AK16244_HHJYYDSX2_L2"	2.51870101585631	0.769818117813047	"CRES"
"61"	"CRES_08_EKDL210004789-1a-AK11178-AK16246_HHJYYDSX2_L2"	1.13122587109259	0.583544861421549	"CRES"
"62"	"CRES_10_EKDL210004790-1a-AK11178-AK16246_HHJYYDSX2_L3"	1.16505021735347	0.595599518311025	"CRES"
"63"	"CRES_11_EKDL210005548-1a-AK11572-AK16283_HHJKNDSX2_L4"	0.850693525739834	0.508533322691506	"CRES"
"64"	"CRES_13_EKDL210004790-1a-AK11398-AK16264_HHJYYDSX2_L3"	1.37246593107988	0.638467899520073	"CRES"
"65"	"CRES_14_EKDL210004788-1a-AK7415-AK16289_HHJYYDSX2_L1"	0.502181989254748	0.357226306983164	"CRES"
"66"	"CRES_15_EKDL210004788-1a-AK11674-AK2690_HHJYYDSX2_L1"	0.376995571446618	0.287575620923221	"CRES"
"67"	"CRES_16_EKDL210004790-1a-AK11506-AK16290_HHJYYDSX2_L3"	0.819498399226773	0.494714593690509	"CRES"
"68"	"CRES_17_EKDL200012859-1a-AK11600-AK6934_HNLVYDSXY_L1"	1.1781883307606	0.595260882865542	"CRES"
"69"	"CRES_19_EKDL210004788-1a-AK11467-AK14066_HHJYYDSX2_L1"	0.419674955959105	0.314530497298518	"CRES"
"70"	"CRES_20_EKDL200012859-1a-AK11377-AK16262_HNLVYDSXY_L1"	0.477057249284855	0.345392810712877	"CRES"
"71"	"FURI_02_EKDL210004789-1a-AK11520-AK16285_HHJYYDSX2_L2"	1.48749183226715	0.659546286563368	"FURI"
"72"	"FURI_03_EKDL210004789-1a-AK11528-AK14283_HHJYYDSX2_L2"	3.74669892352662	0.817156065260115	"FURI"
"73"	"FURI_06_EKDL210004789-1a-AK11160-AK9453_HHJYYDSX2_L2"	1.60442788517853	0.671331369714532	"FURI"
"74"	"FURI_07_EKDL210004788-1a-AK11710-AK16288_HHJYYDSX2_L1"	2.66721055693968	0.783976956492729	"FURI"
"75"	"FURI_08_EKDL210004788-1a-AK11375-AK16261_HHJYYDSX2_L1"	2.0554942271307	0.736532476176313	"FURI"
"76"	"FURI_09_EKDL200012859-1a-AK11656-AK574_HNLVYDSXY_L1"	1.01086554038856	0.552651152084287	"FURI"
"77"	"FURI_11_EKDL210004789-1a-AK11485-AK16252_HHJYYDSX2_L2"	1.97739621628711	0.724886068839915	"FURI"
"78"	"FURI_13_EKDL200012859-1a-AK11677-AK5989_HNLVYDSXY_L1"	0.565089082802184	0.38465986046955	"FURI"
"79"	"GASO_01_EKDL200012859-1a-AK11710-AK16288_HNLVYDSXY_L1"	1.12453617374891	0.583320877033942	"GASO"
"80"	"GASO_02_EKDL210004789-1a-AK11692-AK16230_HHJYYDSX2_L2"	2.33665375673885	0.759151778378758	"GASO"
"81"	"GASO_03_EKDL210004790-1a-AK11519-AK16232_HHJYYDSX2_L3"	3.0036509251237	0.800909028275104	"GASO"
"82"	"GASO_04_EKDL210004789-1a-AK7016-AK16255_HHJYYDSX2_L2"	1.43893658074731	0.649748658564035	"GASO"
"83"	"GASO_05_EKDL210004788-1a-AK10139-AK9682_HHJYYDSX2_L1"	1.59520267454467	0.678309573913169	"GASO"
"84"	"GASO_06_EKDL210004790-1a-AK11631-AK349_HHJYYDSX2_L3"	2.44531172334139	0.761532232636484	"GASO"
"85"	"GASO_08_EKDL210004789-1a-AK12637-AK16268_HHJYYDSX2_L2"	1.43514525151828	0.643326128404111	"GASO"
"86"	"GASO_09_EKDL210004790-1a-AK11683-AK16236_HHJYYDSX2_L3"	1.66908231799905	0.68713264053362	"GASO"
"87"	"GASO_12_EKDL210004790-1a-AK11630-AK16248_HHJYYDSX2_L3"	1.45698777034073	0.658708873157568	"GASO"
"88"	"GASO_13_EKDL210004788-1a-AK11600-AK6934_HHJYYDSX2_L1"	1.20505009503255	0.607476778912891	"GASO"
"89"	"GASO_15_EKDL210005548-1a-AK11398-AK16264_HHJKNDSX2_L4"	2.38552856374631	0.768330963801609	"GASO"
"90"	"GASO_16_EKDL210004788-1a-AK4251-AK16229_HHJYYDSX2_L1"	1.29804985436898	0.624854732235962	"GASO"
"91"	"GASO_17_EKDL210005548-1a-AK11582-AK8205_HHJKNDSX2_L4"	1.13569889158144	0.588042364670103	"GASO"
"92"	"GREV_03_EKDL210004788-1a-AK11631-AK349_HHJYYDSX2_L1"	1.67588201178605	0.69023022125645	"GREV"
"93"	"GREV_04_EKDL210004790-1a-AK11598-AK16273_HHJYYDSX2_L3"	1.20173984247702	0.60454234977219	"GREV"
"94"	"GREV_05_EKDL200012859-1a-AK11476-AK16258_HNLVYDSXY_L1"	0.249114956916394	0.205885563383037	"GREV"
"95"	"GREV_06_EKDL210005548-1a-AK11640-AK16265_HHJKNDSX2_L4"	1.41418118455904	0.654104461780306	"GREV"
"96"	"GREV_07_EKDL200012859-1a-AK11381-AK16293_HNLVYDSXY_L1"	1.73459401917531	0.699978219457242	"GREV"
"97"	"GREV_08_EKDL210005548-1a-AK11186-AK1268_HHJKNDSX2_L4"	1.2598902975411	0.621222355646607	"GREV"
"98"	"GREV_09_EKDL210004790-1a-AK11659-AK16242_HHJYYDSX2_L3"	2.76991678538594	0.785484343043792	"GREV"
"99"	"GREV_11_EKDL200012859-1a-AK11490-AK14430_HNLVYDSXY_L1"	1.50174998531777	0.661595970671961	"GREV"
"100"	"GREV_12_EKDL200012859-1a-AK11158-AK16267_HNLVYDSXY_L1"	1.01662464812637	0.528336795192225	"GREV"
"101"	"GREV_13_EKDL210005548-1a-AK11195-AK16227_HHJKNDSX2_L4"	1.2171743963304	0.608740326126886	"GREV"
"102"	"GREV_15_EKDL210004790-1a-AK12626-AK16295_HHJYYDSX2_L3"	1.51438624293849	0.658115900436135	"GREV"
"103"	"GREV_16_EKDL210004788-1a-AK11661-AK16241_HHJYYDSX2_L1"	1.27893437678631	0.614998369154285	"GREV"
"104"	"GREV_17_EKDL210005548-1a-AK11490-AK14430_HHJKNDSX2_L4"	1.69864441949559	0.696309948494266	"GREV"
"105"	"HAFR_01_EKDL200012859-1a-AK11714-AK16250_HNLVYDSXY_L1"	1.11499130856764	0.585858965861956	"HAFR"
"106"	"HAFR_04_EKDL210004790-1a-AK11436-AK16240_HHJYYDSX2_L3"	1.54263594591077	0.669767913354907	"HAFR"
"107"	"HAFR_07_EKDL210004790-1a-AK11375-AK16261_HHJYYDSX2_L3"	1.05424898138578	0.568002507907254	"HAFR"
"108"	"HAFR_08_EKDL210004789-1a-AK11675-AK16223_HHJYYDSX2_L2"	1.23905247272496	0.60049203914129	"HAFR"
"109"	"HAFR_10_EKDL210004789-1a-AK11683-AK16236_HHJYYDSX2_L2"	1.39889669599163	0.641591288064458	"HAFR"
"110"	"HAFR_11_EKDL210004790-1a-AK11718-AK16243_HHJYYDSX2_L3"	1.18718174298794	0.577102453004129	"HAFR"
"111"	"HAFR_14_EKDL210004790-1a-AK11495-AK16238_HHJYYDSX2_L3"	1.08649654957957	0.575466890907987	"HAFR"
"112"	"HAFR_15_EKDL210004789-1a-AK11526-AK16296_HHJYYDSX2_L2"	1.27514875219878	0.62120622532111	"HAFR"
"113"	"HAFR_17_EKDL210004788-1a-AK11428-AK16253_HHJYYDSX2_L1"	1.32793434561045	0.621260542365454	"HAFR"
"114"	"HAFR_19_EKDL200012859-1a-AK11398-AK16264_HNLVYDSXY_L1"	1.25799879923767	0.617258168204366	"HAFR"
"115"	"HAFR_23_EKDL200012859-1a-AK11416-AK16269_HNLVYDSXY_L1"	1.40999562672481	0.645284570879599	"HAFR"
"116"	"HAFR_25_EKDL200012859-1a-AK11375-AK16261_HNLVYDSXY_L1"	1.68317444442152	0.6909771656905	"HAFR"
"117"	"HAFR_99_EKDL200012859-1a-AK11401-AK7949_HNLVYDSXY_L1"	1.44979168146696	0.656619283362561	"HAFR"
"118"	"HAUG_01_EKDL210004790-1a-AK11615-AK16297_HHJYYDSX2_L3"	1.49433328472963	0.660073569084868	"HAUG"
"119"	"HAUG_02_EKDL200012859-1a-AK11433-AK13293_HNLVYDSXY_L1"	2.25648125621056	0.74991265051736	"HAUG"
"120"	"HAUG_03_EKDL210004789-1a-AK11398-AK16264_HHJYYDSX2_L2"	1.35272509193004	0.632018631548006	"HAUG"
"121"	"HAUG_05_EKDL200012859-1a-AK11692-AK16230_HNLVYDSXY_L1"	0.99542512223375	0.551979771133721	"HAUG"
"122"	"HAUG_06_EKDL210004788-1a-AK11485-AK16252_HHJYYDSX2_L1"	1.39801228426454	0.642715657175537	"HAUG"
"123"	"HAUG_07_EKDL210004788-1a-AK11158-AK16267_HHJYYDSX2_L1"	1.34959154457894	0.634727648683967	"HAUG"
"124"	"HAUG_08_EKDL210004789-1a-AK12626-AK16295_HHJYYDSX2_L2"	1.21599023511742	0.609092684177868	"HAUG"
"125"	"HAUG_09_EKDL200012859-1a-AK11186-AK1268_HNLVYDSXY_L1"	1.63892399347637	0.688302426515946	"HAUG"
"126"	"HAUG_11_EKDL210004788-1a-AK11384-AK16224_HHJYYDSX2_L1"	1.14378407243544	0.582943312508704	"HAUG"
"127"	"HAUG_12_EKDL210004789-1a-AK11473-AK16281_HHJYYDSX2_L2"	1.6915748128386	0.688079745047485	"HAUG"
"128"	"HAUG_13_EKDL210004789-1a-AK11208-AK16233_HHJYYDSX2_L2"	1.8720403805552	0.70744894457425	"HAUG"
"129"	"HAUG_14_EKDL210004788-1a-AK11506-AK16290_HHJYYDSX2_L1"	1.51600667928577	0.666996107869347	"HAUG"
"130"	"HAUG_15_a_batch1_EKDL210004788-1a-AK11615-AK16297_HHJYYDSX2_L1"	2.01741716559501	0.731726467778887	"HAUG"
"131"	"HAUG_15_a_batch2_EKDL210004789-1a-AK7685-AK16294_HHJYYDSX2_L2"	1.11974205711074	0.583077626224753	"HAUG"
"132"	"HAUG_15_a_batch3_EKDL210004790-1a-AK11401-AK7949_HHJYYDSX2_L3"	1.66865957551021	0.693238982050994	"HAUG"
"133"	"HAUG_15_a_EKDL200012859-1a-AK11526-AK16296_HNLVYDSXY_L1"	1.91025423694615	0.717452261319258	"HAUG"
"134"	"HAUG_15_a_EKDL210005548-1a-AK11659-AK16242_HHJKNDSX2_L4"	1.26735361536428	0.623037067959979	"HAUG"
"135"	"HAUG_15_batch1_EKDL210004788-1a-AK11653-AK16291_HHJYYDSX2_L1"	1.32473990252193	0.632461804695056	"HAUG"
"136"	"HAUG_15_batch2_EKDL210004789-1a-AK11710-AK16288_HHJYYDSX2_L2"	1.2280798144357	0.60905209323523	"HAUG"
"137"	"HAUG_15_batch3_EKDL210004790-1a-AK11440-AK16251_HHJYYDSX2_L3"	2.01402106372022	0.73609887330836	"HAUG"
"138"	"HAUG_15_EKDL200012859-1a-AK11653-AK16291_HNLVYDSXY_L1"	1.13192713760565	0.590789791116643	"HAUG"
"139"	"HAUG_15_EKDL210005548-1a-AK11683-AK16236_HHJKNDSX2_L4"	0.84397140342352	0.507516189187025	"HAUG"
"140"	"HAUG_16_EKDL210004789-1a-AK11512-AK16284_HHJYYDSX2_L2"	1.12862766385027	0.580900296828872	"HAUG"
"141"	"HAUG_17_EKDL200012859-1a-AK11387-AK16228_HNLVYDSXY_L1"	0.994540229195529	0.551939055493097	"HAUG"
"142"	"HAUG_18_EKDL210005548-1a-AK11471-AK16271_HHJKNDSX2_L4"	1.45792132356304	0.661304411629805	"HAUG"
"143"	"HAUG_21_EKDL200012859-1a-AK11486-AK16237_HNLVYDSXY_L1"	0.946495642733647	0.527021178993845	"HAUG"
"144"	"Havs_01_EKDL210004790-1a-AK11526-AK16296_HHJYYDSX2_L3"	1.33255349232711	0.637304586179017	"Havs"
"145"	"Havs_02_EKDL210005548-1a-AK4251-AK16229_HHJKNDSX2_L4"	1.13617813740838	0.588811138244163	"Havs"
"146"	"Havs_03_EKDL210005548-1a-AK12626-AK16295_HHJKNDSX2_L4"	1.06622539902913	0.573333589224478	"Havs"
"147"	"Havs_04_EKDL210004790-1a-AK11186-AK1268_HHJYYDSX2_L3"	1.60243098910728	0.683820004731321	"Havs"
"148"	"Havs_05_batch3_EKDL210004790-1a-AK11195-AK16227_HHJYYDSX2_L3"	1.5493802061983	0.670307022373274	"Havs"
"149"	"Havs_06_EKDL210004790-1a-AK11528-AK14283_HHJYYDSX2_L3"	1.43892988901028	0.653363441083306	"Havs"
"150"	"Havs_07_EKDL210005548-1a-AK11520-AK16285_HHJKNDSX2_L4"	0.753796519636997	0.471955965379126	"Havs"
"151"	"Havs_09_EKDL210004789-1a-AK11667-AK16287_HHJYYDSX2_L2"	1.49738580053241	0.664167983179253	"Havs"
"152"	"Havs_13_EKDL210004789-1a-AK11497-AK9485_HHJYYDSX2_L2"	0.709030846912619	0.449575302491181	"Havs"
"153"	"Havs_15_EKDL210004790-1a-AK11171-AK16279_HHJYYDSX2_L3"	1.07947534205648	0.572628542148419	"Havs"
"154"	"HFJO_01_EKDL200012859-1a-AK11471-AK16271_HNLVYDSXY_L1"	0.799981947694005	0.487057945041353	"HFJO"
"155"	"HFJO_03_EKDL210005548-1a-AK11467-AK14066_HHJKNDSX2_L4"	1.11483546172396	0.58522148994424	"HFJO"
"156"	"HFJO_05_EKDL210004788-1a-AK11656-AK574_HHJYYDSX2_L1"	1.02228962869649	0.55573276913407	"HFJO"
"157"	"HFJO_06_EKDL210005548-1a-AK11714-AK16250_HHJKNDSX2_L4"	2.93004957144755	0.798968005059438	"HFJO"
"158"	"HFJO_07_EKDL210004789-1a-AK11593-AK16256_HHJYYDSX2_L2"	0.78873395974684	0.48113435599799	"HFJO"
"159"	"HFJO_08_EKDL210005548-1a-AK11519-AK16232_HHJKNDSX2_L4"	1.71417200503912	0.693853653387443	"HFJO"
"160"	"HFJO_09_EKDL210004790-1a-AK11379-AK16266_HHJYYDSX2_L3"	1.56136212104229	0.674670827237899	"HFJO"
"161"	"HFJO_10_EKDL210004788-1a-AK11524-AK16276_HHJYYDSX2_L1"	2.19113943214975	0.747533742747744	"HFJO"
"162"	"HFJO_11_EKDL210004789-1a-AK11631-AK349_HHJYYDSX2_L2"	1.30145350921267	0.620479298992766	"HFJO"
"163"	"HFJO_12_EKDL210005548-1a-AK11208-AK16233_HHJKNDSX2_L4"	1.68557402408726	0.691866066545216	"HFJO"
"164"	"HFJO_14_EKDL210005548-1a-AK11615-AK16297_HHJKNDSX2_L4"	1.46762662727102	0.662534975643727	"HFJO"
"165"	"HFJO_15_EKDL210004790-1a-AK2372-AK16292_HHJYYDSX2_L3"	1.07424132238847	0.573422145771972	"HFJO"
"166"	"HFJO_17_EKDL210005548-1a-AK11718-AK16243_HHJKNDSX2_L4"	1.27672729934538	0.622114477671735	"HFJO"
"167"	"HFJO_18_EKDL210005548-1a-AK11190-AK16270_HHJKNDSX2_L4"	1.63096986088272	0.687491190364052	"HFJO"
"168"	"INNE_01_EKDL210004790-1a-AK11208-AK16233_HHJYYDSX2_L3"	1.54000928188864	0.664725436786425	"INNE"
"169"	"INNE_02_EKDL210004790-1a-AK11190-AK16270_HHJYYDSX2"	1.60477009141498	0.640843856492481	"INNE"
"170"	"INNE_04_EKDL210005548-1a-AK11698-AK16226_HHJKNDSX2_L4"	1.32118919845212	0.632660174717798	"INNE"
"171"	"INNE_05_EKDL210004790-1a-AK11593-AK16256_HHJYYDSX2"	2.00498540567994	0.721064868033479	"INNE"
"172"	"INNE_07_EKDL200012859-1a-AK11178-AK16246_HNLVYDSXY_L1"	2.37786691552376	0.779580544852794	"INNE"
"173"	"INNE_08_EKDL200012859-1a-AK11665-AK16278_HNLVYDSXY_L1"	1.42618086362097	0.64626479378014	"INNE"
"174"	"INNE_09_EKDL210004788-1a-AK11726-AK16225_HHJYYDSX2_L1"	1.51420583292233	0.668764854407252	"INNE"
"175"	"INNE_10_EKDL210004789-1a-AK11582-AK8205_HHJYYDSX2_L2"	1.22572482187495	0.598166445005119	"INNE"
"176"	"INNE_11_EKDL200012859-1a-AK11593-AK16256_HNLVYDSXY_L1"	1.24874724120127	0.614745395398371	"INNE"
"177"	"INNE_12_EKDL210004790-1a-AK11665-AK16278_HHJYYDSX2_L3"	0.803055605049926	0.456332939260115	"INNE"
"178"	"INNE_15_EKDL210004789-1a-AK11605-AK16247_HHJYYDSX2_L2"	1.44058651923932	0.645927826024549	"INNE"
"179"	"INNE_17_EKDL200012859-1a-AK11591-AK16275_HNLVYDSXY_L1"	1.24766466805813	0.605014955140208	"INNE"
"180"	"INNE_19_EKDL210005548-1a-AK11674-AK2690_HHJKNDSX2_L4"	2.13444826284576	0.734576878446474	"INNE"
"181"	"INNE_20_EKDL200012859-1a-AK11384-AK16224_HNLVYDSXY_L1"	1.01710420744659	0.554814327676024	"INNE"
"182"	"INNE_21_EKDL210004789-1a-AK11714-AK16250_HHJYYDSX2_L2"	1.72363024823956	0.693611297606791	"INNE"
"183"	"INNE_25_EKDL200012859-1a-AK11495-AK16238_HNLVYDSXY_L1"	0.357751383399127	0.277767958814898	"INNE"
"184"	"KALV_04_EKDL200012859-1a-AK11659-AK16242_HNLVYDSXY_L1"	0.798548608438676	0.477216830076055	"KALV"
"185"	"KALV_05_EKDL210005548-1a-AK11168-AK16259_HHJKNDSX2_L4"	1.20717286264975	0.606252201567713	"KALV"
"186"	"KALV_06_EKDL210005548-1a-AK2372-AK16292_HHJKNDSX2_L4"	1.22945286046606	0.613499950369619	"KALV"
"187"	"KALV_07_EKDL210004789-1a-AK11375-AK16261_HHJYYDSX2_L2"	1.3803118852567	0.640741957260455	"KALV"
"188"	"KALV_11_EKDL210004790-1a-AK717-5UDI1548_HHJYYDSX2_L3"	1.22669948231304	0.609267003804882	"KALV"
"189"	"KALV_12_EKDL210005548-1a-AK11464-AK16277_HHJKNDSX2_L4"	1.44386963891192	0.657564263349053	"KALV"
"190"	"KALV_13_EKDL210005548-1a-AK7415-AK16289_HHJKNDSX2_L4"	1.30369594843865	0.62875970911195	"KALV"
"191"	"KALV_16_EKDL210004789-1a-AK11475-AK16282_HHJYYDSX2_L2"	1.44312524204583	0.636678307441228	"KALV"
"192"	"KALV_18_EKDL210004788-1a-AK11584-AK16263_HHJYYDSX2_L1"	0.951164239777103	0.535137100815102	"KALV"
"193"	"KALV_19_EKDL210004790-1a-AK11416-AK16269_HHJYYDSX2_L3"	1.71483746225269	0.697548335850075	"KALV"
"194"	"KALV_20_EKDL210004790-1a-AK11653-AK16291_HHJYYDSX2_L3"	1.28748960728219	0.624794149991859	"KALV"
"195"	"KALV_21_EKDL210004788-1a-AK11195-AK16227_HHJYYDSX2_L1"	1.19867369730065	0.605990239068171	"KALV"
"196"	"KALV_23_EKDL210004789-1a-AK11726-AK16225_HHJYYDSX2_L2"	1.40420438653057	0.646485949737722	"KALV"
"197"	"KLEV_01_EKDL210004790-1a-AK4251-AK16229_HHJYYDSX2_L3"	1.49972340879499	0.66605753060002	"KLEV"
"198"	"KLEV_02_EKDL210004790-1a-AK11168-AK16259_HHJYYDSX2_L3"	1.75454720384511	0.70537829721914	"KLEV"
"199"	"KLEV_03_EKDL210004789-1a-AK11195-AK16227_HHJYYDSX2_L2"	2.01961757227678	0.729192140867693	"KLEV"
"200"	"KLEV_06_EKDL210005548-1a-AK11177-AK16280_HHJKNDSX2_L4"	1.34026720137683	0.635351488235912	"KLEV"
"201"	"KLEV_10_EKDL210004790-1a-AK11381-AK16293_HHJYYDSX2_L3"	1.43129885589159	0.648694673891102	"KLEV"
"202"	"KLEV_11_EKDL210004789-1a-AK10139-AK9682_HHJYYDSX2_L2"	2.26517926240475	0.755883178446644	"KLEV"
"203"	"KLEV_12_EKDL210005548-1a-AK11401-AK7949_HHJKNDSX2_L4"	0.0594829742491034	0.0241835498698521	"KLEV"
"204"	"LANG_01_EKDL210004789-1a-AK11449-AK16245_HHJYYDSX2_L2"	2.51848239464685	0.773796567441795	"LANG"
"205"	"LANG_02_EKDL210004790-1a-AK11661-AK16241_HHJYYDSX2_L3"	2.56360611607921	0.759463244813453	"LANG"
"206"	"LANG_03_EKDL210005548-1a-AK11436-AK16240_HHJKNDSX2_L4"	1.0244773930997	0.560196735616724	"LANG"
"207"	"LANG_04_EKDL210005548-1a-AK11661-AK16241_HHJKNDSX2_L4"	0.812231479566345	0.491979380654214	"LANG"
"208"	"LANG_06_EKDL210005548-1a-AK11164-AK16239_HHJKNDSX2_L4"	1.54694411333097	0.672131947102103	"LANG"
"209"	"LANG_07_EKDL210005548-1a-AK11486-AK16237_HHJKNDSX2_L4"	1.23539224886078	0.613538822344689	"LANG"
"210"	"LANG_09_EKDL210004789-1a-AK7415-AK16289_HHJYYDSX2_L2"	1.20080786720854	0.597897167278849	"LANG"
"211"	"LANG_10_EKDL210005548-1a-AK11497-AK9485_HHJKNDSX2_L4"	1.27142582039795	0.625018479338381	"LANG"
"212"	"LANG_11_EKDL210004788-1a-AK11456-AK16260_HHJYYDSX2_L1"	2.48992091407779	0.767179074893819	"LANG"
"213"	"LANG_12_EKDL210004788-1a-AK11200-AK15590_HHJYYDSX2_L1"	1.58710987196326	0.681571872518069	"LANG"
"214"	"LANG_14_EKDL210004788-1a-AK11433-AK13293_HHJYYDSX2_L1"	1.7616178255676	0.688636755801995	"LANG"
"215"	"LANG_15_EKDL210004790-1a-AK11674-AK2690_HHJYYDSX2_L3"	1.45284818993641	0.65280942541127	"LANG"
"216"	"LANG_17_EKDL210004789-1a-AK11171-AK16279_HHJYYDSX2_L2"	1.5450738906017	0.664253619229984	"LANG"
"217"	"LANG_18_EKDL210005548-1a-AK11710-AK16288_HHJKNDSX2_L4"	1.44557722400067	0.656356123995431	"LANG"
"218"	"LANG_19_EKDL210004788-1a-AK11526-AK16296_HHJYYDSX2_L1"	2.18033035780684	0.745834253704502	"LANG"
"219"	"LANG_20_EKDL210004788-1a-AK11683-AK16236_HHJYYDSX2_L1"	1.21104057463961	0.607526628972361	"LANG"
"220"	"LILL_01_EKDL200012859-1a-GG04-AK5420_HNLVYDSXY_L1"	1.00666390933392	0.554118472123495	"LILL"
"221"	"LILL_02_EKDL210004789-1a-AK11464-AK16277_HHJYYDSX2_L2"	1.53510880019941	0.670423966941776	"LILL"
"222"	"LILL_03_EKDL210004789-1a-AK8204-AK9482_HHJYYDSX2_L2"	1.31721909543058	0.621916260316621	"LILL"
"223"	"LILL_04_EKDL200012859-1a-AK11608-AK2002_HNLVYDSXY_L1"	1.40484480508779	0.647379100812587	"LILL"
"224"	"LILL_05_EKDL210005548-1a-AK11433-AK13293_HHJKNDSX2_L4"	1.39938102297044	0.649845094392699	"LILL"
"225"	"LILL_07_EKDL200012859-1a-AK11683-AK16236_HNLVYDSXY_L1"	0.447477195940222	0.321609262847982	"LILL"
"226"	"LILL_08_EKDL200012859-1a-AK11467-AK14066_HNLVYDSXY_L1"	0.721994167539613	0.447858779936093	"LILL"
"227"	"LILL_11_EKDL210004789-1a-AK11471-AK16271_HHJYYDSX2_L2"	1.78286723298547	0.703333723397181	"LILL"
"228"	"LILL_12_EKDL210004789-1a-AK11186-AK1268_HHJYYDSX2_L2"	1.45057711912074	0.651952659344159	"LILL"
"229"	"LILL_13_EKDL210004790-1a-AK11158-AK16267_HHJYYDSX2_L3"	1.17406526759503	0.600729940756488	"LILL"
"230"	"LILL_14_EKDL210005548-1a-AK11479-AK16234_HHJKNDSX2_L4"	2.20034717108081	0.750876723280574	"LILL"
"231"	"LILL_15_EKDL210004790-1a-AK10139-AK9682_HHJYYDSX2_L3"	1.5006831765644	0.668842651965873	"LILL"
"232"	"LILL_16_EKDL210004789-1a-AK11467-AK14066_HHJYYDSX2_L2"	1.36545312377266	0.639516869469314	"LILL"
"233"	"LOGS_01_EKDL210005548-1a-AK12629-AK16244_HHJKNDSX2_L4"	1.14526615345324	0.590020910325624	"LOGS"
"234"	"LOGS_02_EKDL210005548-1a-AK11460-AK16272_HHJKNDSX2_L4"	0.982810497965355	0.550566752988634	"LOGS"
"235"	"LOGS_03_EKDL210004788-1a-AK11377-AK16262_HHJYYDSX2_L1"	0.759429585680308	0.470696596130373	"LOGS"
"236"	"LOGS_05_EKDL210004790-1a-AK11726-AK16225_HHJYYDSX2_L3"	1.74919131462116	0.686342965479335	"LOGS"
"237"	"LOGS_07_EKDL210004790-1a-GG04-AK5420_HHJYYDSX2_L3"	1.2996195689363	0.625635839256646	"LOGS"
"238"	"LOGS_08_EKDL210004790-1a-AK11640-AK16265_HHJYYDSX2_L3"	1.47151237851487	0.654980510584622	"LOGS"
"239"	"LOGS_11_EKDL210004789-1a-AK11381-AK16293_HHJYYDSX2_L2"	2.05803669437323	0.730287404070291	"LOGS"
"240"	"LOGS_12_EKDL210004788-1a-AK11401-AK7949_HHJYYDSX2_L1"	1.77312109942713	0.701869403102054	"LOGS"
"241"	"LOGS_13_EKDL210004788-1a-AK11603-AK16257_HHJYYDSX2_L1"	2.18221825501858	0.747689774890638	"LOGS"
"242"	"LOGS_15_EKDL210004788-1a-AK11436-AK16240_HHJYYDSX2_L1"	2.36194137791749	0.761152878054172	"LOGS"
"243"	"LOGS_18_EKDL210004789-1a-AK11685-AK16235_HHJYYDSX2_L2"	1.90546549630621	0.719674258233067	"LOGS"
"244"	"Lurida_01_EKDL210004788-1a-AK11677-AK5989_HHJYYDSX2_L1"	0.377605066068463	0.110495294702708	"Luri"
"245"	"Lurida_02_EKDL210004790-1a-AK11600-AK6934_HHJYYDSX2_L3"	0.229536622551061	0.0868142264399054	"Luri"
"246"	"Lurida_03_EKDL210004789-1a-AK11591-AK16275_HHJYYDSX2_L2"	0.155556261581858	0.0697352149790195	"Luri"
"247"	"Lurida_05_EKDL210004790-1a-AK11605-AK16247_HHJYYDSX2_L3"	0.316338748624712	0.10030405925777	"Luri"
"248"	"Lurida_06_EKDL210004790-1a-AK11426-AK5939_HHJYYDSX2_L3"	0.232079379978467	0.0868382104077347	"Luri"
"249"	"Lurida_07_EKDL210004788-1a-AK12629-AK16244_HHJYYDSX2_L1"	0.304125239319947	0.100258300923812	"Luri"
"250"	"Lurida_08_EKDL210005548-1a-AK11473-AK16281_HHJKNDSX2_L4"	0.183289669440031	0.0768549304148585	"Luri"
"251"	"Lurida_09_EKDL210004788-1a-AK11381-AK16293_HHJYYDSX2_L1"	0.30297203933543	0.100845496748815	"Luri"
"252"	"MOLU_01_EKDL210004788-1a-AK717-5UDI1548_HHJYYDSX2_L1"	1.38694633789642	0.641117912365889	"MOLU"
"253"	"MOLU_02_EKDL210004788-1a-AK12626-AK16295_HHJYYDSX2_L1"	0.98620164571778	0.540966004463216	"MOLU"
"254"	"MOLU_03_EKDL200012859-1a-AK11160-AK9453_HNLVYDSXY_L1"	1.81613623618156	0.707433215146952	"MOLU"
"255"	"MOLU_04_EKDL210004788-1a-AK11714-AK16250_HHJYYDSX2_L1"	1.74941900615181	0.691253200416064	"MOLU"
"256"	"MOLU_05_EKDL210005548-1a-AK11528-AK14283_HHJKNDSX2_L4"	0.450578530422065	0.332911043408547	"MOLU"
"257"	"MOLU_06_EKDL200012859-1a-AK11449-AK16245_HNLVYDSXY_L1"	0.93000596444441	0.531962172378723	"MOLU"
"258"	"MOLU_07_EKDL210004790-1a-AK11160-AK9453_HHJYYDSX2_L3"	1.03494217979888	0.562819391822072	"MOLU"
"259"	"MOLU_08_EKDL210004788-1a-AK11171-AK16279_HHJYYDSX2_L1"	1.53487951439936	0.668557684435964	"MOLU"
"260"	"MOLU_10_EKDL210004789-1a-AK11495-AK16238_HHJYYDSX2_L2"	2.31512320547406	0.748213887519403	"MOLU"
"261"	"MOLU_11_EKDL210004790-1a-AK11387-AK16228_HHJYYDSX2_L3"	1.38018828624425	0.640755671708143	"MOLU"
"262"	"MOLU_12_EKDL210005548-1a-AK11524-AK16276_HHJKNDSX2_L4"	1.24937278223976	0.614818105978392	"MOLU"
"263"	"MOLU_13_EKDL210004788-1a-AK11605-AK16247_HHJYYDSX2_L1"	1.7386347746774	0.697439024662976	"MOLU"
"264"	"MOLU_14_EKDL210004788-1a-AK11460-AK16272_HHJYYDSX2_L1"	0.6697868161713	0.437323956088273	"MOLU"
"265"	"MOLU_15_EKDL210004789-1a-GG04-AK5420_HHJYYDSX2_L2"	0.872018571226991	0.509256494095441	"MOLU"
"266"	"MOLU_17_EKDL210004789-1a-AK11158-AK16267_HHJYYDSX2_L2"	0.780231172329257	0.476446823506953	"MOLU"
"267"	"MOLU_19_EKDL210004789-1a-AK11433-AK13293_HHJYYDSX2_L2"	1.09832972070268	0.572519318366451	"MOLU"
"268"	"MOLU_25_EKDL200012859-1a-AK11426-AK5939_HNLVYDSXY_L1"	1.0492843944424	0.565771587512314	"MOLU"
"269"	"NELL_03_EKDL200012859-1a-AK11190-AK16270_HNLVYDSXY_L1"	1.3904034299061	0.643074864292551	"NELL"
"270"	"NELL_05_EKDL200012859-1a-AK7016-AK16255_HNLVYDSXY_L1"	0.940148004785872	0.531579277305921	"NELL"
"271"	"NELL_06_EKDL210004788-1a-AK11204-AK16254_HHJYYDSX2_L1"	2.11086344860907	0.744475275238144	"NELL"
"272"	"NELL_07_EKDL210004790-1a-AK11490-AK14430_HHJYYDSX2_L3"	2.05805112554258	0.710027139537777	"NELL"
"273"	"NELL_08_EKDL200012859-1a-AK11661-AK16241_HNLVYDSXY_L1"	1.03689379418543	0.563204384618007	"NELL"
"274"	"NELL_09_EKDL210004790-1a-AK11572-AK16283_HHJYYDSX2_L3"	1.13520416455775	0.549176049956083	"NELL"
"275"	"NELL_10_EKDL210004788-1a-AK11476-AK16258_HHJYYDSX2_L1"	1.43256012591067	0.636437138039548	"NELL"
"276"	"NELL_11_EKDL210004789-1a-AK11630-AK16248_HHJYYDSX2_L2"	1.74564106622319	0.696807730036095	"NELL"
"277"	"NELL_13_EKDL210004788-1a-AK8204-AK9482_HHJYYDSX2_L1"	1.59673417092688	0.677520128443028	"NELL"
"278"	"NELL_14_EKDL210004790-1a-AK11467-AK14066_HHJYYDSX2_L3"	1.44309962185392	0.652471653528477	"NELL"
"279"	"NELL_17_EKDL210005548-1a-AK11593-AK16256_HHJKNDSX2_L4"	2.02614101457335	0.738648033452913	"NELL"
"280"	"NELL_18_EKDL210004789-1a-AK11486-AK16237_HHJYYDSX2_L2"	1.10124361896078	0.56222661372273	"NELL"
"281"	"NELL_25_EKDL200012859-1a-AK4251-AK16229_HNLVYDSXY_L1"	0.872412136717997	0.514084903845132	"NELL"
"282"	"NELL_32_EKDL200012859-1a-AK11631-AK349_HNLVYDSXY_L1"	1.58389061281001	0.676440838236692	"NELL"
"283"	"NISS_02_EKDL210004790-1a-AK11629-AK16249_HHJYYDSX2_L3"	1.51491619772656	0.626811724951684	"NISS"
"284"	"NISS_03_EKDL210005548-1a-AK11375-AK16261_HHJKNDSX2_L4"	1.68669949683423	0.684009227515798	"NISS"
"285"	"NISS_04_EKDL200012859-1a-AK11598-AK16273_HNLVYDSXY_L1"	1.05956381933332	0.557999113080328	"NISS"
"286"	"NISS_05_EKDL210004789-1a-AK2372-AK16292_HHJYYDSX2_L2"	0.911128754413012	0.517793407972412	"NISS"
"287"	"NISS_06_EKDL210005548-1a-AK11171-AK16279_HHJKNDSX2_L4"	1.25320152552645	0.614044422566798	"NISS"
"288"	"NISS_07_EKDL210005548-1a-AK11584-AK16263_HHJKNDSX2_L4"	1.21053555362245	0.594931852661209	"NISS"
"289"	"NISS_09_EKDL210005548-1a-GG04-AK5420_HHJKNDSX2_L4"	1.10645015029781	0.577025622728953	"NISS"
"290"	"NISS_12_EKDL200012859-1a-AK2372-AK16292_HNLVYDSXY_L1"	1.18596206499137	0.602674352960417	"NISS"
"291"	"NISS_16_EKDL200012859-1a-AK11572-AK16283_HNLVYDSXY_L1"	1.10734672648814	0.577938499393686	"NISS"
"292"	"NISS_21_EKDL200012859-1a-AK11497-AK9485_HNLVYDSXY_L1"	1.51983014330208	0.663655881180832	"NISS"
"293"	"NISS_26_EKDL200012859-1a-AK11473-AK16281_HNLVYDSXY_L1"	0.854943789008904	0.505619057331728	"NISS"
"294"	"NISS_31_EKDL200012859-1a-AK11603-AK16257_HNLVYDSXY_L1"	1.25540208487518	0.615047318358209	"NISS"
"295"	"NISS_32_01_EKDL200012859-1a-AK11524-AK16276_HNLVYDSXY_L1"	1.1327031308434	0.578335303536266	"NISS"
"296"	"NISS_38_EKDL200012859-1a-AK11528-AK14283_HNLVYDSXY_L1"	0.314522781173563	0.25092328399363	"NISS"
"297"	"NISS_39_EKDL200012859-1a-AK12629-AK16244_HNLVYDSXY_L1"	1.01668548908956	0.556380112508327	"NISS"
"298"	"NISS_42_EKDL200012859-1a-AK11584-AK16263_HNLVYDSXY_L1"	1.12472163811292	0.584989010943343	"NISS"
"299"	"NISS_49_a_EKDL200012859-1a-AK11615-AK16297_HNLVYDSXY_L1"	0.720962359296321	0.459083140528201	"NISS"
"300"	"ORNE_04_EKDL210004789-1a-AK11379-AK16266_HHJYYDSX2_L2"	1.33215847124928	0.624471034201361	"ORNE"
"301"	"ORNE_05_EKDL210004789-1a-AK11718-AK16243_HHJYYDSX2_L2"	1.4788672906677	0.662997016644963	"ORNE"
"302"	"ORNE_06_EKDL210004789-1a-AK11629-AK16249_HHJYYDSX2_L2"	1.09780607423441	0.577039389619719	"ORNE"
"303"	"ORNE_07_EKDL210005548-1a-AK11685-AK16235_HHJKNDSX2_L4"	1.31667083218137	0.634318067076699	"ORNE"
"304"	"ORNE_12_EKDL200012859-1a-AK11475-AK16282_HNLVYDSXY_L1"	0.706677904293874	0.439238135440238	"ORNE"
"305"	"ORNE_13_EKDL210004790-1a-AK7685-AK16294_HHJYYDSX2_L3"	1.01553335894389	0.540629150916995	"ORNE"
"306"	"ORNE_14_EKDL210004790-1a-AK11714-AK16250_HHJYYDSX2_L3"	2.24640225361445	0.746613052064338	"ORNE"
"307"	"ORNE_15_EKDL210004790-1a-AK11177-AK16280_HHJYYDSX2_L3"	0.417036071534579	0.299193351218979	"ORNE"
"308"	"OSTE_01_EKDL210004788-1a-AK11582-AK8205_HHJYYDSX2_L1"	0.960508672174302	0.532616120084646	"OSTE"
"309"	"OSTE_02_EKDL210004788-1a-AK11486-AK16237_HHJYYDSX2_L1"	1.60605123036819	0.668987301629963	"OSTE"
"310"	"OSTE_03_EKDL210005548-1a-AK11387-AK16228_HHJKNDSX2_L4"	1.69920839702152	0.688971221440049	"OSTE"
"311"	"OSTE_04_EKDL210004788-1a-AK11379-AK16266_HHJYYDSX2_L1"	2.27220099202758	0.746753252224581	"OSTE"
"312"	"OSTE_07_EKDL210004789-1a-AK11490-AK14430_HHJYYDSX2_L2"	1.28265271690425	0.609314327273378	"OSTE"
"313"	"OSTE_10_EKDL210004789-1a-AK11479-AK16234_HHJYYDSX2_L2"	1.46019082807894	0.65103558140615	"OSTE"
"314"	"OSTE_11_EKDL210004788-1a-AK11702-AK16286_HHJYYDSX2_L1"	1.11856341057907	0.581956442156632	"OSTE"
"315"	"OSTE_12_EKDL210004789-1a-AK717-5UDI1548_HHJYYDSX2_L2"	1.23384334021146	0.604868566696721	"OSTE"
"316"	"OSTE_15_EKDL210004790-1a-AK11476-AK16258_HHJYYDSX2_L3"	2.08446396074876	0.734928353122937	"OSTE"
"317"	"OSTE_16_EKDL210004789-1a-AK11377-AK16262_HHJYYDSX2_L2"	1.19252636976957	0.589738070819294	"OSTE"
"318"	"OSTE_17_EKDL210005548-1a-AK11667-AK16287_HHJKNDSX2_L4"	1.40676511445283	0.647114362326098	"OSTE"
"319"	"OSTE_19_EKDL210004789-1a-AK11608-AK2002_HHJYYDSX2_L2"	1.785968164238	0.70119105537988	"OSTE"
"320"	"OSTE_20_EKDL210005548-1a-AK11476-AK16258_HHJKNDSX2_L4"	1.74258311964822	0.69505864382556	"OSTE"
"321"	"PONT_01_EKDL200012859-1a-AK11506-AK16290_HNLVYDSXY_L1"	0.964753907900289	0.533827959588795	"PONT"
"322"	"PONT_03_EKDL210004788-1a-AK7016-AK16255_HHJYYDSX2_L1"	3.7927122415581	0.829035917715454	"PONT"
"323"	"PONT_06_EKDL200012859-1a-AK11690-AK16231_HNLVYDSXY_L1"	0.989285633194501	0.551632981372257	"PONT"
"324"	"PONT_07_EKDL210004788-1a-AK11528-AK14283_HHJYYDSX2_L1"	1.70148216224598	0.683623838483271	"PONT"
"325"	"PONT_08_EKDL210004789-1a-AK11603-AK16257_HHJYYDSX2_L2"	0.734416238305067	0.456135378026182	"PONT"
"326"	"PONT_09_EKDL200012859-1a-AK11519-AK16232_HNLVYDSXY_L1"	1.11724960308421	0.587431469235295	"PONT"
"327"	"PONT_10_EKDL210004789-1a-AK11164-AK16239_HHJYYDSX2_L2"	3.37309330879147	0.812703568661396	"PONT"
"328"	"PONT_13_EKDL210004789-1a-AK11456-AK16260_HHJYYDSX2_L2"	1.80412888994147	0.707332855410626	"PONT"
"329"	"PONT_15_EKDL200012859-1a-AK7685-AK16294_HNLVYDSXY_L1"	1.14040005228041	0.577972280893952	"PONT"
"330"	"PONT_16_EKDL200012859-1a-AK11485-AK16252_HNLVYDSXY_L1"	1.16927833565859	0.597514185966319	"PONT"
"331"	"PONT_17_EKDL210004788-1a-AK11665-AK16278_HHJYYDSX2_L1"	1.51293814969703	0.66455785667768	"PONT"
"332"	"PONT_19_EKDL210004789-1a-AK11426-AK5939_HHJYYDSX2_L2"	1.30179833177594	0.620829942737787	"PONT"
"333"	"PONT_20_EKDL210004788-1a-AK11208-AK16233_HHJYYDSX2_L1"	2.25730179226828	0.755971233871389	"PONT"
"334"	"RAMS_02_EKDL200012859-1a-AK11629-AK16249_HNLVYDSXY_L1"	1.45912249847564	0.658455540457918	"RAMS"
"335"	"RAMS_03_EKDL210005548-1a-AK11526-AK16296_HHJKNDSX2_L4"	1.44391149781136	0.658986931020555	"RAMS"
"336"	"RAMS_04_EKDL200012859-1a-AK11702-AK16286_HNLVYDSXY_L1"	1.46204777338568	0.654757196303016	"RAMS"
"337"	"RAMS_05_EKDL210004790-1a-AK11591-AK16275_HHJYYDSX2_L3"	1.30424689677343	0.630978266925221	"RAMS"
"338"	"RAMS_06_EKDL210004788-1a-AK11398-AK16264_HHJYYDSX2_L1"	1.53336542911874	0.671646755395282	"RAMS"
"339"	"RAMS_08_EKDL200012859-1a-AK12626-AK16295_HNLVYDSXY_L1"	1.31869223198999	0.63066880498152	"RAMS"
"340"	"RAMS_09_EKDL200012859-1a-AK11464-AK16277_HNLVYDSXY_L1"	1.49927978230662	0.653983931270647	"RAMS"
"341"	"RAMS_10_EKDL210005548-1a-AK11428-AK16253_HHJKNDSX2_L4"	2.84477565299151	0.795651341628723	"RAMS"
"342"	"RAMS_11_EKDL210004790-1a-AK11685-AK16235_HHJYYDSX2_L3"	2.39276338125146	0.760908095907095	"RAMS"
"343"	"RAMS_14_EKDL210005548-1a-AK11379-AK16266_HHJKNDSX2_L4"	1.83704118697198	0.719295254436679	"RAMS"
"344"	"RAMS_16_EKDL210005548-1a-AK11631-AK349_HHJKNDSX2_L4"	2.43321105872183	0.768679714934203	"RAMS"
"345"	"RIAE_03_EKDL200012859-1a-AK11605-AK16247_HNLVYDSXY_L1"	0.906730346439784	0.511279002200837	"RIAE"
"346"	"RIAE_05_EKDL210004789-1a-AK11524-AK16276_HHJYYDSX2_L2"	2.13642907287674	0.745580123870062	"RIAE"
"347"	"RIAE_06_EKDL210004789-1a-AK11476-AK16258_HHJYYDSX2_L2"	1.18621557133606	0.591991002156915	"RIAE"
"348"	"RIAE_07_EKDL210004788-1a-AK11473-AK16281_HHJYYDSX2_L1"	1.47441707592599	0.6584368520756	"RIAE"
"349"	"RIAE_09_EKDL210004788-1a-AK2372-AK16292_HHJYYDSX2_L1"	2.45888111464051	0.767750699786161	"RIAE"
"350"	"RIAE_10_EKDL210005548-1a-AK11608-AK2002_HHJKNDSX2_L4"	1.52074601388382	0.673100665156656	"RIAE"
"351"	"RIAE_11_EKDL210005548-1a-AK11158-AK16267_HHJKNDSX2_L4"	1.4849614770452	0.66594576158065	"RIAE"
"352"	"RIAE_13_EKDL200012859-1a-AK11512-AK16284_HNLVYDSXY_L1"	1.53936735996353	0.671802244460965	"RIAE"
"353"	"RIAE_14_EKDL200012859-1a-AK11685-AK16235_HNLVYDSXY_L1"	1.21774993347628	0.609258924074611	"RIAE"
"354"	"RIAE_15_EKDL210004788-1a-AK11186-AK1268_HHJYYDSX2_L1"	1.91677821765855	0.720704269426786	"RIAE"
"355"	"RIAE_16_EKDL210004790-1a-AK11698-AK16226_HHJYYDSX2_L3"	1.83710403708822	0.694893542526318	"RIAE"
"356"	"RIAE_17_EKDL210004790-1a-AK11456-AK16260_HHJYYDSX2_L3"	2.05853515417861	0.730311973069794	"RIAE"
"357"	"RIAE_18_EKDL210005548-1a-AK11204-AK16254_HHJKNDSX2_L4"	2.61266662635841	0.785609007233426	"RIAE"
"358"	"RIAE_21_EKDL210004788-1a-AK11449-AK16245_HHJYYDSX2_L1"	1.54979162797522	0.675963163371101	"RIAE"
"359"	"RIAE_22_EKDL210004788-1a-AK11572-AK16283_HHJYYDSX2_L1"	1.24866956367896	0.613590476446054	"RIAE"
"360"	"SVAL_01_EKDL210004789-1a-AK11584-AK16263_HHJYYDSX2_L2"	2.97551374984757	0.798049255935332	"SVAL"
"361"	"SVAL_02_EKDL200012859-1a-AK11440-AK16251_HNLVYDSXY_L1"	1.9948477286026	0.730195788343227	"SVAL"
"362"	"SVAL_04_EKDL210005548-1a-AK11690-AK16231_HHJKNDSX2_L4"	1.20231697855432	0.605476005549965	"SVAL"
"363"	"SVAL_05_EKDL200012859-1a-AK11726-AK16225_HNLVYDSXY_L1"	1.52078168333501	0.667761238397565	"SVAL"
"364"	"SVAL_06_EKDL200012859-1a-AK11698-AK16226_HNLVYDSXY_L1"	0.913809566496006	0.525801420584866	"SVAL"
"365"	"SVAL_07_EKDL210004790-1a-AK11675-AK16223_HHJYYDSX2_L3"	1.85565387528218	0.712478862773571	"SVAL"
"366"	"SVAL_08_EKDL210004788-1a-AK11690-AK16231_HHJYYDSX2_L1"	1.25526125656328	0.617881165170852	"SVAL"
"367"	"SVAL_09_EKDL210004788-1a-AK11168-AK16259_HHJYYDSX2_L1"	1.99492334219891	0.726181765991738	"SVAL"
"368"	"SVAL_10_EKDL210005548-1a-AK12637-AK16268_HHJKNDSX2_L4"	1.35736735555576	0.642002435971666	"SVAL"
"369"	"SVAL_11_EKDL210004790-1a-AK11692-AK16230_HHJYYDSX2_L3"	1.02832219329102	0.559489881002565	"SVAL"
"370"	"SVAL_13_EKDL210004788-1a-AK11630-AK16248_HHJYYDSX2_L1"	2.68569716043521	0.784556393072941	"SVAL"
"371"	"SVAL_14_EKDL210005548-1a-AK11603-AK16257_HHJKNDSX2_L4"	1.27632889627162	0.624829123698105	"SVAL"
"372"	"SVAL_17_EKDL210005548-1a-AK11512-AK16284_HHJKNDSX2_L4"	1.09476256582171	0.581809524620754	"SVAL"
"373"	"SVAL_18_EKDL210005548-1a-AK11605-AK16247_HHJKNDSX2_L4"	1.70938221087563	0.695121024284549	"SVAL"
"374"	"SVAL_19_EKDL210005548-1a-AK717-5UDI1548_HHJKNDSX2_L4"	0.551140750638927	0.384565144773855	"SVAL"
"375"	"SVAL_20_EKDL210005548-1a-AK11665-AK16278_HHJKNDSX2_L4"	1.21816935457038	0.610385658951224	"SVAL"
"376"	"SYDK_01_EKDL210005548-1a-AK11381-AK16293_HHJKNDSX2_L4"	1.35534642656994	0.636476612527319	"SYDK"
"377"	"SYDK_03_EKDL210004790-1a-AK11475-AK16282_HHJYYDSX2_L3"	1.57782690635	0.680723457719835	"SYDK"
"378"	"SYDK_06_EKDL210004788-1a-AK11246-AK16274_HHJYYDSX2_L1"	1.18836364914846	0.601941553007298	"SYDK"
"379"	"SYDK_07_EKDL210004788-1a-AK11471-AK16271_HHJYYDSX2_L1"	1.0047854134179	0.555719315736372	"SYDK"
"380"	"SYDK_08_EKDL210005548-1a-AK7016-AK16255_HHJKNDSX2_L4"	2.04089598188275	0.741824499054188	"SYDK"
"381"	"SYDK_09_EKDL210004788-1a-AK11495-AK16238_HHJYYDSX2_L1"	1.5284893521069	0.66132484461853	"SYDK"
"382"	"SYDK_10_EKDL210004790-1a-AK11690-AK16231_HHJYYDSX2_L3"	1.62161031205922	0.678707930370868	"SYDK"
"383"	"SYDK_11_EKDL210004790-1a-AK11702-AK16286_HHJYYDSX2_L3"	1.49567135122682	0.667836108467012	"SYDK"
"384"	"SYDK_12_EKDL210005548-1a-AK11475-AK16282_HHJKNDSX2_L4"	1.00399227012799	0.554535176666204	"SYDK"
"385"	"SYDK_13_EKDL210004788-1a-AK11718-AK16243_HHJYYDSX2_L1"	1.25636451325644	0.614256503541022	"SYDK"
"386"	"SYDK_14_EKDL210004790-1a-AK11667-AK16287_HHJYYDSX2_L3"	0.671364131488337	0.437664223096193	"SYDK"
"387"	"SYDK_15_EKDL210004789-1a-AK11656-AK574_HHJYYDSX2_L2"	1.03229082907188	0.553393461715613	"SYDK"
"388"	"TOLL_01_EKDL210004788-1a-AK11190-AK16270_HHJYYDSX2_L1"	1.90154950521871	0.71964925803492	"TOLL"
"389"	"TOLL_02_EKDL210004789-1a-AK11598-AK16273_HHJYYDSX2_L2"	1.75060479659628	0.697289343959571	"TOLL"
"390"	"TOLL_03_EKDL210004788-1a-AK11164-AK16239_HHJYYDSX2_L1"	1.5340656863938	0.661947558392393	"TOLL"
"391"	"TOLL_04_EKDL200012859-1a-AK11674-AK2690_HNLVYDSXY_L1"	0.803522453333211	0.491459832904069	"TOLL"
"392"	"TOLL_06_EKDL210004790-1a-AK11460-AK16272_HHJYYDSX2_L3"	1.66196348011071	0.691931693813455	"TOLL"
"393"	"TOLL_07_EKDL210004790-1a-AK11449-AK16245_HHJYYDSX2_L3"	2.45524359396754	0.768456146595018	"TOLL"
"394"	"TOLL_08_EKDL210004789-1a-AK11200-AK15590_HHJYYDSX2_L2"	1.00405577170333	0.550600191860788	"TOLL"
"395"	"TOLL_09_EKDL200012859-1a-AK11168-AK16259_HNLVYDSXY_L1"	1.20210822480185	0.600486927689254	"TOLL"
"396"	"TOLL_11_EKDL200012859-1a-AK11208-AK16233_HNLVYDSXY_L1"	1.00854275253961	0.551123099464152	"TOLL"
"397"	"TOLL_12_EKDL210005548-1a-AK11200-AK15590_HHJKNDSX2_L4"	1.35811812250782	0.641359846271111	"TOLL"
"398"	"TOLL_15_EKDL210004790-1a-AK12629-AK16244_HHJYYDSX2_L3"	1.47732933679497	0.64023058946513	"TOLL"
"399"	"VADE_01_EKDL210004788-1a-AK11629-AK16249_HHJYYDSX2_L1"	1.71061785254535	0.689854142618432	"VADE"
"400"	"VADE_02_EKDL210005548-1a-AK11630-AK16248_HHJKNDSX2_L4"	0.0471209496428761	0.0213359769555045	"VADE"
"401"	"VADE_05_EKDL210004788-1a-AK11591-AK16275_HHJYYDSX2_L1"	1.88275164855688	0.716093207101787	"VADE"
"402"	"VADE_07_EKDL210004788-1a-AK11692-AK16230_HHJYYDSX2_L1"	1.54023388160833	0.671770604969099	"VADE"
"403"	"VADE_08_EKDL210004789-1a-AK11440-AK16251_HHJYYDSX2_L2"	1.17087358650851	0.589306619282955	"VADE"
"404"	"VAGS_01_EKDL210004788-1a-AK11640-AK16265_HHJYYDSX2_L1"	2.09122385839722	0.740350353256984	"VAGS"
"405"	"VAGS_03_EKDL210005548-1a-AK11653-AK16291_HHJKNDSX2_L4"	1.15496439133025	0.593982504748992	"VAGS"
"406"	"VAGS_04_EKDL210004788-1a-AK11490-AK14430_HHJYYDSX2_L1"	1.52052130461627	0.667256866508891	"VAGS"
"407"	"VAGS_08_EKDL210004788-1a-AK11177-AK16280_HHJYYDSX2_L1"	1.7443299822722	0.701306692367629	"VAGS"
"408"	"VAGS_10_EKDL210005548-1a-AK11246-AK16274_HHJKNDSX2_L4"	1.36418469702116	0.643307966783379	"VAGS"
"409"	"VAGS_12_EKDL210004790-1a-AK11603-AK16257_HHJYYDSX2_L3"	1.67691103938068	0.69337222942445	"VAGS"
"410"	"VAGS_14_EKDL210005548-1a-AK11506-AK16290_HHJKNDSX2_L4"	0.763914402365524	0.477257133164463	"VAGS"
"411"	"VAGS_15_EKDL210004789-1a-AK11190-AK16270_HHJYYDSX2_L2"	3.62314581975408	0.818675018423457	"VAGS"
"412"	"VAGS_16_EKDL210005548-1a-AK11416-AK16269_HHJKNDSX2_L4"	1.3471301298622	0.639316096388182	"VAGS"
"413"	"VAGS_17_EKDL210004790-1a-AK11582-AK8205_HHJYYDSX2_L3"	1.71818223167715	0.693285340566848	"VAGS"
"414"	"VAGS_18_EKDL210005548-1a-AK11591-AK16275_HHJKNDSX2_L4"	1.10666697911875	0.584742738247439	"VAGS"
"415"	"VAGS_19_EKDL210004790-1a-AK11497-AK9485_HHJYYDSX2_L3"	1.44776151434156	0.654286661853892	"VAGS"
"416"	"VAGS_20_EKDL210004789-1a-AK4251-AK16229_HHJYYDSX2_L2"	1.27305718588239	0.614752386643415	"VAGS"
"417"	"VENO_03_EKDL210004790-1a-AK11204-AK16254_HHJYYDSX2_L3"	1.30652405448239	0.624130142538108	"VENO"
"418"	"VENO_04_EKDL210004789-1a-AK11387-AK16228_HHJYYDSX2_L2"	2.22044553101098	0.750386585608765	"VENO"
"419"	"VENO_05_EKDL210004789-1a-AK11246-AK16274_HHJYYDSX2_L2"	1.53399146312228	0.669288243321535	"VENO"
"420"	"VENO_07_EKDL210004789-1a-AK11436-AK16240_HHJYYDSX2_L2"	1.84200976425102	0.715289589181074	"VENO"
"421"	"VENO_08_EKDL200012859-1a-AK11204-AK16254_HNLVYDSXY_L1"	0.701002953711816	0.441149035351703	"VENO"
"422"	"VENO_09_EKDL210004788-1a-AK11685-AK16235_HHJYYDSX2_L1"	1.52070957876397	0.667237995158499	"VENO"
"423"	"VENO_14_EKDL210004788-1a-AK11519-AK16232_HHJYYDSX2_L1"	1.52080745386371	0.666752334960179	"VENO"
"424"	"VENO_15_EKDL210004789-1a-AK11519-AK16232_HHJYYDSX2_L2"	2.71919462432743	0.785255923137159	"VENO"
"425"	"VENO_16_EKDL210004788-1a-AK11178-AK16246_HHJYYDSX2_L1"	1.92447493864681	0.723866336489552	"VENO"
"426"	"VENO_17_EKDL210005548-1a-AK11629-AK16249_HHJKNDSX2_L4"	1.94902984378153	0.730384926053377	"VENO"
"427"	"VENO_18_EKDL210004789-1a-AK11661-AK16241_HHJYYDSX2_L2"	1.20092185398742	0.60564559364591	"VENO"
"428"	"WADD_01_EKDL210004790-1a-AK11246-AK16274_HHJYYDSX2_L3"	1.37037146174739	0.631765794144096	"WADD"
"429"	"WADD_02_EKDL200012859-1a-AK11479-AK16234_HNLVYDSXY_L1"	0.870053481299862	0.502829049436376	"WADD"
"430"	"WADD_03_EKDL200012859-1a-AK11630-AK16248_HNLVYDSXY_L1"	0.868755116543439	0.509806739692845	"WADD"
"431"	"WADD_05_EKDL210005548-1a-AK11726-AK16225_HHJKNDSX2_L4"	2.40636134470406	0.769009768361265	"WADD"
"432"	"WADD_10_EKDL210004789-1a-AK11460-AK16272_HHJYYDSX2_L2"	1.48203888955171	0.649156726546356	"WADD"
"433"	"WADD_11_EKDL210005548-1a-AK11677-AK5989_HHJKNDSX2_L4"	1.3607027131957	0.642936944823515	"WADD"
"434"	"WADD_12_EKDL210004790-1a-AK11512-AK16284_HHJYYDSX2_L3"	2.63341409408108	0.77733932580267	"WADD"
"435"	"WADD_13_EKDL210005548-1a-AK11485-AK16252_HHJKNDSX2_L4"	2.69004804682172	0.78104979829349	"WADD"
"436"	"WADD_14_EKDL210004788-1a-AK11475-AK16282_HHJYYDSX2_L1"	1.2534361360471	0.616908870498355	"WADD"
"437"	"WADD_15_EKDL210004789-1a-AK11428-AK16253_HHJYYDSX2_L2"	1.124471643124	0.583829219446347	"WADD"
"438"	"ZECE_01_EKDL210004790-1a-AK12637-AK16268_HHJYYDSX2_L3"	2.15500506851262	0.743443273538252	"ZECE"
"439"	"ZECE_02_EKDL210004788-1a-AK11667-AK16287_HHJYYDSX2_L1"	0.588454444898732	0.397941349756572	"ZECE"
"440"	"ZECE_04_EKDL200012859-1a-AK11582-AK8205_HNLVYDSXY_L1"	0.464636810081727	0.337194880736509	"ZECE"
"441"	"ZECE_05_EKDL210005548-1a-AK11656-AK574_HHJKNDSX2_L4"	1.02699181727956	0.56191776827655	"ZECE"
"442"	"ZECE_07_EKDL200012859-1a-AK717-5UDI1548_HNLVYDSXY_L1"	0.856840370794666	0.505153938504494	"ZECE"
"443"	"ZECE_08_EKDL210004789-1a-AK11600-AK6934_HHJYYDSX2_L2"	1.16891128888424	0.595787171299357	"ZECE"
"444"	"ZECE_14_EKDL210004790-1a-AK11656-AK574_HHJYYDSX2_L3"	1.62440025119587	0.68336472772179	"ZECE"
"445"	"ZECE_15_EKDL210005548-1a-AK8204-AK9482_HHJKNDSX2_L4"	0.878243273275756	0.515894817034135	"ZECE"
"446"	"ZECE_16_EKDL210005548-1a-AK11384-AK16224_HHJKNDSX2_L4"	1.43733815417796	0.652724156462088	"ZECE"
"447"	"ZECE_17_EKDL210005548-1a-AK10139-AK9682_HHJKNDSX2_L4"	1.58944362740767	0.679366825207181	"ZECE"
"448"	"ZECE_20_EKDL210004788-1a-AK11675-AK16223_HHJYYDSX2_L1"	1.35876274933031	0.632655333638966	"ZECE"
"449"	"ZECE_22_EKDL210004788-1a-AK11593-AK16256_HHJYYDSX2_L1"	1.34964173726635	0.631793679876954	"ZECE"
"450"	"ZECE_23_EKDL210004788-1a-AK11698-AK16226_HHJYYDSX2_L1"	0.919810492764332	0.525584637214616	"ZECE"
"451"	"ZECE_24_EKDL200012859-1a-AK11675-AK16223_HNLVYDSXY_L1"	1.19772492626244	0.598890435686478	"ZECE"
"452"	"HAVS_05_a_batch1_EKDL210004788-1a-AK11598-AK16273_HHJYYDSX2_L1"	1.50727375998617	0.662117268855521	"HAVS"
"453"	"HAVS_05_a_batch2_EKDL210004789-1a-AK11615-AK16297_HHJYYDSX2_L2"	0.971263720823835	0.538302951937321	"HAVS"
"454"	"HAVS_05_a_batch3_EKDL210004790-1a-AK7415-AK16289_HHJYYDSX2_L3"	2.10323938342719	0.741566799594215	"HAVS"
"455"	"HAVS_05_a_EKDL210005548-1a-AK11600-AK6934_HHJKNDSX2_L4"	0.673749006114805	0.439040751347368	"HAVS"
"456"	"HAVS_05_batch1_EKDL210004788-1a-AK12637-AK16268_HHJYYDSX2_L1"	1.24331451937126	0.610229761994932	"HAVS"
"457"	"HAVS_05_batch2_EKDL210004789-1a-AK11653-AK16291_HHJYYDSX2_L2"	1.05710122989181	0.560689587509189	"HAVS"
"458"	"HAVS_05_EKDL200012859-1a-AK11379-AK16266_HNLVYDSXY_L1"	1.38462455229308	0.642776357125215	"HAVS"
"459"	"HAVS_05_EKDL210004790-1a-AK11520-AK16285_HHJYYDSX2_L3"	1.73495448259524	0.69878728959113	"HAVS"
"460"	"HAVS_05_EKDL210005548-1a-AK11702-AK16286_HHJKNDSX2_L4"	1.16031337788005	0.593444280270546	"HAVS"
"461"	"HAVS_06_EKDL210004790-1a-AK7016-AK16255_HHJYYDSX2_L3"	1.32844848589676	0.637574276457503	"HAVS"
"462"	"HAVS_07_EKDL210004790-1a-AK11200-AK15590_HHJYYDSX2_L3"	1.33119148498195	0.635895972087109	"HAVS"
"463"	"HAVS_08_EKDL210004789-1a-AK11384-AK16224_HHJYYDSX2_L2"	1.11219733364504	0.574221417909593	"HAVS"
"464"	"HAVS_09_EKDL210005548-1a-AK11675-AK16223_HHJKNDSX2_L4"	1.29677006262035	0.628130470253739	"HAVS"
"465"	"HAVS_11_EKDL210004788-1a-AK11426-AK5939_HHJYYDSX2_L1"	1.44690230093041	0.652822035058107	"HAVS"
"466"	"HAVS_12_EKDL210004790-1a-AK11164-AK16239_HHJYYDSX2_L3"	1.7202241180827	0.689918510087389	"HAVS"
"467"	"HAVS_14_EKDL210004790-1a-AK11486-AK16237_HHJYYDSX2_L3"	1.62432281141535	0.685774048980639	"HAVS"
"468"	"HAVS_15_EKDL210004789-1a-AK11640-AK16265_HHJYYDSX2_L2"	1.3666620497724	0.636315315099359	"HAVS"
"469"	"HAVS_16_EKDL210004790-1a-AK11473-AK16281_HHJYYDSX2_L3"	0.820377953559586	0.495593579307212	"HAVS"
"470"	"HAVS_17_EKDL210005548-1a-AK11160-AK9453_HHJKNDSX2_L4"	1.47388671674408	0.662180828701072	"HAVS"
"471"	"HAVS_19_EKDL210004788-1a-AK11659-AK16242_HHJYYDSX2_L1"	1.28843375167578	0.616639873633904	"HAVS"
"472"	"HAVS_20_EKDL210004790-1a-AK11384-AK16224_HHJYYDSX2_L3"	2.11356297238202	0.740833764229944	"HAVS"
"473"	"HAVS_21_EKDL210005548-1a-AK11377-AK16262_HHJKNDSX2_L4"	0.524629956423954	0.37259375467337	"HAVS"
"474"	"HAVS_22_EKDL210004788-1a-AK11520-AK16285_HHJYYDSX2_L1"	1.32080521839002	0.63236995938385	"HAVS"
"475"	"HAVS_23_EKDL210004789-1a-AK11674-AK2690_HHJYYDSX2_L2"	0.767663933295704	0.466471534673815	"HAVS"
"476"	"HAVS_24_EKDL210004788-1a-AK11512-AK16284_HHJYYDSX2_L1"	1.17235596586895	0.593137996377393	"HAVS"
"477"	"HAVS_25_EKDL210004789-1a-AK11702-AK16286_HHJYYDSX2_L2"	1.30967426125164	0.625592641310313	"HAVS"
