"","bamfile","mean_depth","proportion_of_reference_covered","pop"
"1","AGAB_01_EKDL210009123-1a-AK19113-AK23731_HTVH3DSX2_L3",1.31452801615805,0.626510705178195,"AGAB"
"2","AGAB_02_EKDL210009123-1a-AK19007-AK23732_HTVH3DSX2_L3",1.19566442606012,0.600456184391327,"AGAB"
"3","AGAB_03_EKDL210004790-1a-AK11377-AK16262_HHJYYDSX2_L3",1.31451388682744,0.621252457973577,"AGAB"
"4","AGAB_04_EKDL210004789-1a-AK11677-AK5989_HHJYYDSX2_L2",1.10841357952708,0.570866424415617,"AGAB"
"5","AGAB_05_EKDL210004789-1a-AK11659-AK16242_HHJYYDSX2_L2",1.6436595020609,0.676872835181046,"AGAB"
"6","AGAB_06_EKDL200012859-1a-AK11456-AK16260_HNLVYDSXY_L1",1.43141794363396,0.643229542238622,"AGAB"
"7","AGAB_07_01_EKDL200012859-1a-AK11401-AK7949_HNLVYDSXY_L1",1.73384687545769,0.691820676478208,"AGAB"
"8","AGAB_08_EKDL210004788-1a-AK11464-AK16277_HHJYYDSX2_L1",2.15693422444241,0.739647134696256,"AGAB"
"9","AGAB_10_EKDL210004788-1a-GG04-AK5420_HHJYYDSX2_L1",2.18068964183956,0.746640131339191,"AGAB"
"10","AGAB_11_EKDL210004790-1a-AK11471-AK16271_HHJYYDSX2_L3",1.86853454095565,0.710414667082499,"AGAB"
"11","AGAB_13_EKDL200012859-1a-AK11640-AK16265_HNLVYDSXY_L1",1.05604912034994,0.554714015721169,"AGAB"
"12","AGAB_14_EKDL200012859-1a-AK12637-AK16268_HNLVYDSXY_L1",1.23469050686429,0.605478724432226,"AGAB"
"13","AGAB_15_EKDL210004788-1a-AK11416-AK16269_HHJYYDSX2_L1",1.38723089636997,0.631502413350635,"AGAB"
"14","AGAB_18_EKDL200012859-1a-AK11718-AK16243_HNLVYDSXY_L1",0.831716190217387,0.491817177709101,"AGAB"
"15","AGAB_19_EKDL210004789-1a-AK11690-AK16231_HHJYYDSX2_L2",1.90339419283031,0.710660579669264,"AGAB"
"16","AGAB_20_EKDL210005548-1a-AK11178-AK16246_HHJKNDSX2_L4",1.67437615191151,0.683946432173789,"AGAB"
"17","AGAB_23_EKDL200012859-1a-AK11195-AK16227_HNLVYDSXY_L1",0.958015355750418,0.537638177649224,"AGAB"
"18","AGAB_24_EKDL210009123-1a-AK19137-AK23734_HTVH3DSX2_L3",1.03415183230786,0.548584082976352,"AGAB"
"19","AGAB_99_EKDL200012859-1a-AK11506-AK16290_HNLVYDSXY_L1",0.754831343939916,0.46071245490561,"AGAB"
"20","BARR_01_EKDL210005548-1a-AK11598-AK16273_HHJKNDSX2_L4",1.51487007345605,0.666414778676708,"BARR"
"21","BARR_02_EKDL210004789-1a-AK11506-AK16290_HHJYYDSX2_L2",1.44906251640196,0.65268381375002,"BARR"
"22","BARR_03_EKDL200012859-1a-AK11428-AK16253_HNLVYDSXY_L1",0.945955613047972,0.530099246229925,"BARR"
"23","BARR_04_EKDL210004790-1a-AK11710-AK16288_HHJYYDSX2_L3",1.00309950363555,0.533086823517023,"BARR"
"24","BARR_06_EKDL210005548-1a-AK11456-AK16260_HHJKNDSX2_L4",1.73272149128145,0.697645886968205,"BARR"
"25","BARR_07_EKDL210004788-1a-AK11160-AK9453_HHJYYDSX2_L1",1.38860556230921,0.63767480401168,"BARR"
"26","BARR_08_EKDL210005548-1a-AK11426-AK5939_HHJKNDSX2_L4",1.90068489483276,0.721435532215009,"BARR"
"27","BARR_09_EKDL210004790-1a-AK11677-AK5989_HHJYYDSX2_L3",1.10337810352696,0.547502965420086,"BARR"
"28","BARR_10_EKDL210004789-1a-AK11168-AK16259_HHJYYDSX2_L2",0.811930583325402,0.479488987046197,"BARR"
"29","BARR_11_EKDL210004789-1a-AK11177-AK16280_HHJYYDSX2_L2",1.8704904416903,0.708400558027451,"BARR"
"30","BARR_12_EKDL200012859-1a-AK11460-AK16272_HNLVYDSXY_L1",1.20918528769945,0.603613672590653,"BARR"
"31","BARR_13_EKDL200012859-1a-AK7415-AK16289_HNLVYDSXY_L1",1.31315112080563,0.628319264170375,"BARR"
"32","BARR_14_EKDL200012859-1a-AK11667-AK16287_HNLVYDSXY_L1",0.940931386670525,0.524148690955677,"BARR"
"33","BARR_15_EKDL200012859-1a-AK11171-AK16279_HNLVYDSXY_L1",0.701999526033451,0.443202681826216,"BARR"
"34","BOVA_01_EKDL200012859-1a-AK11177-AK16280_HNLVYDSXY_L1",1.26103194373277,0.606741899883066,"BOVA"
"35","BOVA_02_EKDL210009123-1a-AK27221-AK31193_HTVH3DSX2_L3",1.0769183177808,0.572411967385081,"BOVA"
"36","BOVA_03_EKDL210009123-1a-AK18987-AK34204_HTVH3DSX2_L3",2.08031967794842,0.733103325838755,"BOVA"
"37","BOVA_04_EKDL210004790-1a-AK11608-AK2002_HHJYYDSX2_L3",1.44953978570749,0.653318374997982,"BOVA"
"38","BOVA_05_EKDL210004789-1a-AK11416-AK16269_HHJYYDSX2_L2",1.09370374589674,0.570029499313147,"BOVA"
"39","BOVA_06_EKDL210004789-1a-AK11572-AK16283_HHJYYDSX2_L2",1.4819553687052,0.652658867160353,"BOVA"
"40","BOVA_07_EKDL210005548-1a-AK7685-AK16294_HHJKNDSX2_L4",1.52410136632185,0.663771493695143,"BOVA"
"41","BOVA_08_EKDL210004789-1a-AK11401-AK7949_HHJYYDSX2_L2",1.45849226902596,0.646776952883247,"BOVA"
"42","BOVA_09_EKDL210009123-1a-AK23715-AK23716_HTVH3DSX2_L3",1.25895630146559,0.61702877635268,"BOVA"
"43","BOVA_10_EKDL210009123-1a-AK18629-AK15913_HTVH3DSX2_L3",0.701653166305344,0.450743059509076,"BOVA"
"44","BOVA_11_EKDL210009122-1a-AK31162-AK31163_HTVH3DSX2_L3",0.956632015726048,0.539574849254789,"BOVA"
"45","BOVA_12_EKDL210004788-1a-AK11608-AK2002_HHJYYDSX2_L1",2.20285918870666,0.743573535152448,"BOVA"
"46","BOVA_13_EKDL200012859-1a-AK11246-AK16274_HNLVYDSXY_L1",1.15033766250997,0.582621131370402,"BOVA"
"47","BOVA_14_EKDL210004788-1a-AK11387-AK16228_HHJYYDSX2_L1",1.35369929553068,0.627721466685734,"BOVA"
"48","BOVA_15_EKDL210009122-1a-AK19045-AK31153_HTVH3DSX2_L3",0.650728667030748,0.428981432387099,"BOVA"
"49","BOVA_16_EKDL210005548-1a-AK11692-AK16230_HHJKNDSX2_L4",1.13641690957868,0.586729809982097,"BOVA"
"50","BOVA_17_EKDL210009122-1a-AK19289-AK31141_HTVH3DSX2_L3",0.792962026774746,0.484957177878248,"BOVA"
"51","BOVA_18_EKDL210009122-1a-AK19173-AK31131_HTVH3DSX2_L3",0.953171514916499,0.534418185458325,"BOVA"
"52","BOVA_19_EKDL210009122-1a-AK31121-AK31122_HTVH3DSX2_L3",0.839014278547654,0.501066019194011,"BOVA"
"53","BOVA_20_EKDL210009122-1a-AK31108-AK31109_HTVH3DSX2_L3",0.764019226755912,0.474309818176712,"BOVA"
"54","BUNN_01_EKDL210009123-1a-AK19109-AK31194_HTVH3DSX2_L3",1.07670222199776,0.570312595207859,"BUNN"
"55","BUNN_02_EKDL210009123-1a-AK18986-AK34202_HTVH3DSX2_L3",1.13973222813594,0.582204128484847,"BUNN"
"56","BUNN_03_EKDL210009123-1a-AK19003-AK23702_HTVH3DSX2_L3",0.8513441182539,0.505915859516316,"BUNN"
"57","BUNN_04_EKDL210009123-1a-AK19133-AK18842_HTVH3DSX2_L3",1.6101110343615,0.674843803156705,"BUNN"
"58","BUNN_05_EKDL210009123-1a-AK23704-AK22953_HTVH3DSX2_L3",1.12581879392809,0.584709745724152,"BUNN"
"59","BUNN_06_EKDL210007863-1a-AK19056-AK23721_HLNT5DSX2_L2",0.768855926008131,0.472991716176419,"BUNN"
"60","BUNN_07_EKDL210007863-1a-AK23722-AK23723_HLNT5DSX2_L2",1.07937166325588,0.573075251124351,"BUNN"
"61","BUNN_08_EKDL210007863-1a-AK19172-AK23724_HLNT5DSX2_L2",0.588393232172322,0.400681931798688,"BUNN"
"62","BUNN_09_EKDL210007863-1a-AK18636-AK23725_HLNT5DSX2_L2",1.17772020636189,0.591902338392462,"BUNN"
"63","BUNN_10_EKDL210007863-1a-AK19054-AK23703_HLNT5DSX2_L2",1.30658825413309,0.623916087373334,"BUNN"
"64","BUNN_11_EKDL210007863-1a-AK18984-AK31192_HLNT5DSX2_L2",1.69272337452397,0.690384805970382,"BUNN"
"65","BUNN_12_EKDL210007863-1a-AK27190-AK34205_HLNT5DSX2_L2",0.974297126368878,0.541903481593299,"BUNN"
"66","BUNN_13_EKDL210007863-1a-AK19072-AK23726_HLNT5DSX2_L2",0.0895765175856491,0.0824495335391544,"BUNN"
"67","BUNN_14_EKDL210007863-1a-AK18989-AK33821_HLNT5DSX2_L2",1.72119018601331,0.681166591243226,"BUNN"
"68","BUNN_15_EKDL210007863-1a-AK19103-AK23729_HLNT5DSX2_L2",2.66026292588995,0.772867922891506,"BUNN"
"69","BUNN_16_EKDL210007863-1a-AK19147-AK23730_HLNT5DSX2_L2",1.31744790108535,0.624339480156634,"BUNN"
"70","BUNN_17_EKDL210007863-1a-AK19113-AK23731_HLNT5DSX2_L2",0.404437974993736,0.306771532203513,"BUNN"
"71","BUNN_18_EKDL210007863-1a-AK19007-AK23732_HLNT5DSX2_L2",0.70491042687847,0.448985721088814,"BUNN"
"72","BUNN_19_EKDL210007863-1a-AK18642-AK23733_HLNT5DSX2_L2",1.39065276178117,0.629698405252254,"BUNN"
"73","BUNN_20_EKDL210007863-1a-AK19137-AK23734_HLNT5DSX2_L2",0.686682935309985,0.441649013675813,"BUNN"
"74","CLEW_02_EKDL210007862-1a-AK19291-AK18809_HLNT5DSX2_L2",1.42550136797845,0.635185364879343,"CLEW"
"75","CLEW_03_EKDL210007862-1a-AK15924-AK18825_HLNT5DSX2_L2",1.20206647661547,0.601031466314332,"CLEW"
"76","CLEW_04_EKDL210007862-1a-AK19016-AK18839_HLNT5DSX2_L2",0.799808648958919,0.477380548043431,"CLEW"
"77","CLEW_05_EKDL210007862-1a-AK19084-AK19669_HLNT5DSX2_L2",1.24296946372767,0.613345358663276,"CLEW"
"78","CLEW_06_EKDL210007862-1a-AK16175-AK16176_HLNT5DSX2_L2",0.800661163640308,0.48204643436253,"CLEW"
"79","CLEW_07_EKDL210007862-1a-AK16191-AK16192_HLNT5DSX2_L2",0.184913389888978,0.158621881161912,"CLEW"
"80","CLEW_08_EKDL210007862-1a-AK16207-AK16208_HLNT5DSX2_L2",0.31975979009693,0.251130422499072,"CLEW"
"81","CLEW_09_EKDL210007862-1a-AK19096-AK19674_HLNT5DSX2_L2",0.486006438012415,0.34457453669987,"CLEW"
"82","CLEW_10_EKDL210007862-1a-AK15918-AK19682_HLNT5DSX2_L2",1.38740655970576,0.638203045658812,"CLEW"
"83","COLN_01_EKDL210004789-1a-AK11204-AK16254_HHJYYDSX2_L2",1.50973581916978,0.665155165858991,"COLN"
"84","COLN_02_EKDL210004790-1a-AK11479-AK16234_HHJYYDSX2_L3",2.30251733570381,0.744116139210636,"COLN"
"85","COLN_03_EKDL210005548-1a-AK11440-AK16251_HHJKNDSX2_L4",1.94622266718694,0.714249300309402,"COLN"
"86","COLN_04_EKDL210004789-1a-AK11665-AK16278_HHJYYDSX2_L2",1.75719713977472,0.693163564242728,"COLN"
"87","COLN_06_EKDL210004790-1a-AK11428-AK16253_HHJYYDSX2_L3",2.01492879397103,0.730089516523869,"COLN"
"88","COLN_07_EKDL210004788-1a-AK7685-AK16294_HHJYYDSX2_L1",1.650757598129,0.681713083081622,"COLN"
"89","COLN_07_EKDL210009122-1a-AK19208-AK31190_HTVH3DSX2_L3",1.28457339104013,0.621197423041761,"COLN"
"90","COLN_08_EKDL210004790-1a-AK11433-AK13293_HHJYYDSX2_L3",1.84111507484572,0.689605208144952,"COLN"
"91","COLN_09_EKDL210004788-1a-AK11440-AK16251_HHJYYDSX2_L1",1.60853110388338,0.669423785371019,"COLN"
"92","COLN_10_EKDL210009122-1a-AK34058-AK34059_HTVH3DSX2_L3",0.810180987834299,0.493085704684735,"COLN"
"93","COLN_11_EKDL200012859-1a-AK8204-AK9482_HNLVYDSXY_L1",1.09993517114835,0.562896727881603,"COLN"
"94","COLN_12_EKDL210009122-1a-AK31169-AK31170_HTVH3DSX2_L3",1.47372370384464,0.657548596853449,"COLN"
"95","COLN_13_EKDL210004790-1a-AK11584-AK16263_HHJYYDSX2_L3",1.21966674197469,0.583273484806743,"COLN"
"96","COLN_15_EKDL210005548-1a-AK11449-AK16245_HHJKNDSX2_L4",0.902193609941715,0.519680339066271,"COLN"
"97","COLN_17_EKDL210009123-1a-AK19132-AK15917_HTVH3DSX2_L3",0.884066254352251,0.515734116291867,"COLN"
"98","COLN_18_EKDL210009123-1a-AK19076-AK23695_HTVH3DSX2_L3",2.09375204247573,0.735597932362411,"COLN"
"99","COLN_19_EKDL210009123-1a-AK19111-AK23696_HTVH3DSX2_L3",1.0065718018073,0.552677598545995,"COLN"
"100","COLN_20_EKDL210009123-1a-AK19009-AK23697_HTVH3DSX2_L3",1.07746479913061,0.571861029539043,"COLN"
"101","CORS_01_EKDL210004788-1a-AK11479-AK16234_HHJYYDSX2_L1",1.87558890881961,0.714787535276463,"CORS"
"102","CORS_02_EKDL210004790-1a-AK11485-AK16252_HHJYYDSX2_L3",0.563460783489548,0.391522498769945,"CORS"
"103","CORS_03_EKDL210007863-1a-AK19131-AK23741_HLNT5DSX2_L2",1.20494228954464,0.598946226964024,"CORS"
"104","CORS_04_EKDL210007863-1a-AK18983-AK23742_HLNT5DSX2_L2",0.836720770252085,0.499424729148311,"CORS"
"105","CORS_05_EKDL210007863-1a-AK19068-AK23743_HLNT5DSX2_L2",0.458696177037878,0.329501055771816,"CORS"
"106","CORS_06_EKDL210004790-1a-AK11464-AK16277_HHJYYDSX2_L3",1.79557617321686,0.702364422641756,"CORS"
"107","CORS_07_EKDL210007863-1a-AK19095-AK23744_HLNT5DSX2_L2",1.28339673151816,0.598495675658552,"CORS"
"108","CORS_08_EKDL210005548-1a-AK11495-AK16238_HHJKNDSX2_L4",1.4372418069199,0.649055378549354,"CORS"
"109","CRES_02_EKDL210004789-1a-AK11698-AK16226_HHJYYDSX2_L2",1.19247646610152,0.598858650519395,"CRES"
"110","CRES_03_EKDL210004790-1a-AK11524-AK16276_HHJYYDSX2_L3",0.669802418569561,0.432373458852198,"CRES"
"111","CRES_05_EKDL210004790-1a-AK8204-AK9482_HHJYYDSX2_L3",0.750633012137638,0.46785882657547,"CRES"
"112","CRES_06_EKDL200012859-1a-AK11520-AK16285_HNLVYDSXY_L1",0.851299239798388,0.494299519544835,"CRES"
"113","CRES_07_EKDL210004789-1a-AK12629-AK16244_HHJYYDSX2_L2",2.45691728917382,0.759507770152369,"CRES"
"114","CRES_08_EKDL210004789-1a-AK11178-AK16246_HHJYYDSX2_L2",1.10142169118142,0.574211466544126,"CRES"
"115","CRES_10_EKDL210004790-1a-AK11178-AK16246_HHJYYDSX2_L3",1.13414507076323,0.585932732295954,"CRES"
"116","CRES_11_EKDL210005548-1a-AK11572-AK16283_HHJKNDSX2_L4",0.82993780114569,0.500053353839805,"CRES"
"117","CRES_12_EKDL210009123-1a-AK19017-AK23748_HTVH3DSX2_L3",0.333383358591505,0.263145467383372,"CRES"
"118","CRES_13_EKDL210004790-1a-AK11398-AK16264_HHJYYDSX2_L3",1.33719781055644,0.62850598833352,"CRES"
"119","CRES_14_EKDL210004788-1a-AK7415-AK16289_HHJYYDSX2_L1",0.490151832606127,0.351200368862704,"CRES"
"120","CRES_15_EKDL210004788-1a-AK11674-AK2690_HHJYYDSX2_L1",0.367360730258655,0.28216306986649,"CRES"
"121","CRES_16_EKDL210004790-1a-AK11506-AK16290_HHJYYDSX2_L3",0.798859531796079,0.486561228676716,"CRES"
"122","CRES_17_EKDL200012859-1a-AK11600-AK6934_HNLVYDSXY_L1",1.1479614176834,0.585708550955453,"CRES"
"123","CRES_18_EKDL210009123-1a-AK23749-AK23750_HTVH3DSX2_L3",0.404231025283381,0.305241098667621,"CRES"
"124","CRES_19_EKDL210004788-1a-AK11467-AK14066_HHJYYDSX2_L1",0.408914262103672,0.308445799622277,"CRES"
"125","CRES_20_EKDL200012859-1a-AK11377-AK16262_HNLVYDSXY_L1",0.4660566166919,0.339630008651511,"CRES"
"126","DOLV_01_EKDL210009122-1a-AK19014-AK31232_HTVH3DSX2_L3",0.929963935396292,0.528726326062539,"DOLV"
"127","DOLV_02_EKDL210009122-1a-AK31218-AK31219_HTVH3DSX2_L3",1.10802934307721,0.578075265114999,"DOLV"
"128","DOLV_03_EKDL210009122-1a-AK31208-AK31209_HTVH3DSX2_L3",0.962239685334891,0.535689483759299,"DOLV"
"129","DOLV_04_EKDL210009122-1a-AK31199-AK31200_HTVH3DSX2_L3",0.849522224735106,0.504301442469362,"DOLV"
"130","DOLV_05_EKDL210009122-1a-AK31182-AK31183_HTVH3DSX2_L3",0.654739570767241,0.428893920039565,"DOLV"
"131","DOLV_06_EKDL210009122-1a-AK27196-AK31175_HTVH3DSX2_L3",0.691239076912387,0.445592157458818,"DOLV"
"132","DOLV_07_EKDL210009122-1a-AK18627-AK31161_HTVH3DSX2_L3",0.859829560997777,0.487488845342669,"DOLV"
"133","DOLV_08_EKDL210009122-1a-AK31151-AK31152_HTVH3DSX2_L3",0.655839665725244,0.431417025297395,"DOLV"
"134","DOLV_09_EKDL210009122-1a-AK19293-AK31140_HTVH3DSX2_L3",0.686107255984728,0.441772510132903,"DOLV"
"135","DOLV_10_EKDL210009122-1a-AK31129-AK31130_HTVH3DSX2_L3",0.687027466522779,0.438822348068699,"DOLV"
"136","DOLV_11_EKDL210009122-1a-AK31119-AK31120_HTVH3DSX2_L3",0.57393109419325,0.37512257622674,"DOLV"
"137","DOLV_12_EKDL210009122-1a-AK18639-AK31107_HTVH3DSX2_L3",0.93810278300047,0.531458855178624,"DOLV"
"138","DOLV_13_EKDL210009122-1a-AK31230-AK31231_HTVH3DSX2_L3",0.674746518915614,0.42325561901159,"DOLV"
"139","DOLV_14_EKDL210009122-1a-AK19073-AK31217_HTVH3DSX2_L3",0.90807662668878,0.52022005176274,"DOLV"
"140","DOLV_15_EKDL210009122-1a-AK19284-AK31207_HTVH3DSX2_L3",0.579736147894848,0.39516756774966,"DOLV"
"141","DOLV_16_EKDL210009122-1a-AK19237-AK22949_HTVH3DSX2_L3",0.84772957347668,0.503650572589437,"DOLV"
"142","DOLV_17_EKDL210009122-1a-AK19205-AK31181_HTVH3DSX2_L3",1.18154372515268,0.599096719952443,"DOLV"
"143","DOLV_18_EKDL210009122-1a-AK31173-AK31174_HTVH3DSX2_L3",0.385148743003661,0.289186406578351,"DOLV"
"144","DOLV_19_EKDL210009122-1a-AK18985-AK31160_HTVH3DSX2_L3",1.07509467849034,0.54854193622239,"DOLV"
"145","DOLV_20_EKDL210009122-1a-AK19079-AK31150_HTVH3DSX2_L3",0.715154597201323,0.45599002445944,"DOLV"
"146","FURI_01_EKDL210007862-1a-AK19254-AK19667_HLNT5DSX2_L2",2.79221304871468,0.780563285021095,"FURI"
"147","FURI_02_EKDL210004789-1a-AK11520-AK16285_HHJYYDSX2_L2",1.45127148295856,0.649892055421253,"FURI"
"148","FURI_03_EKDL210004789-1a-AK11528-AK14283_HHJYYDSX2_L2",3.64626956959661,0.80714806476551,"FURI"
"149","FURI_04_EKDL210007862-1a-AK16171-AK16172_HLNT5DSX2_L2",1.54939831188021,0.668648785055458,"FURI"
"150","FURI_05_EKDL210007862-1a-AK16187-AK16188_HLNT5DSX2_L2",1.33689307781311,0.627612066928104,"FURI"
"151","FURI_06_EKDL210004789-1a-AK11160-AK9453_HHJYYDSX2_L2",1.56075362633503,0.661615104237745,"FURI"
"152","FURI_07_EKDL210004788-1a-AK11710-AK16288_HHJYYDSX2_L1",2.60407002759708,0.77404245322432,"FURI"
"153","FURI_08_EKDL210004788-1a-AK11375-AK16261_HHJYYDSX2_L1",2.00568671764348,0.72635112450354,"FURI"
"154","FURI_09_EKDL200012859-1a-AK11656-AK574_HNLVYDSXY_L1",0.9854971032604,0.54371492612019,"FURI"
"155","FURI_10_EKDL210007862-1a-AK16203-AK16204_HLNT5DSX2_L2",1.54417501507354,0.66652798813263,"FURI"
"156","FURI_11_EKDL210004789-1a-AK11485-AK16252_HHJYYDSX2_L2",1.92603962916698,0.714939440731792,"FURI"
"157","FURI_13_EKDL200012859-1a-AK11677-AK5989_HNLVYDSXY_L1",0.54996703608734,0.377601094379362,"FURI"
"158","GASO_01_EKDL200012859-1a-AK11710-AK16288_HNLVYDSXY_L1",1.09556859495844,0.57407945100031,"GASO"
"159","GASO_02_EKDL210004789-1a-AK11692-AK16230_HHJYYDSX2_L2",2.27480659840552,0.749298402221743,"GASO"
"160","GASO_03_EKDL210004790-1a-AK11519-AK16232_HHJYYDSX2_L3",2.92858492600445,0.790498537642824,"GASO"
"161","GASO_04_EKDL210004789-1a-AK7016-AK16255_HHJYYDSX2_L2",1.40222976128631,0.639956263218518,"GASO"
"162","GASO_05_EKDL210004788-1a-AK10139-AK9682_HHJYYDSX2_L1",1.55520905274204,0.668468004441192,"GASO"
"163","GASO_06_EKDL210004790-1a-AK11631-AK349_HHJYYDSX2_L3",2.38580455651794,0.751543995024602,"GASO"
"164","GASO_07_EKDL210009122-1a-AK18632-AK31226_HTVH3DSX2_L3",1.11369808672922,0.58162555197112,"GASO"
"165","GASO_08_EKDL210004789-1a-AK12637-AK16268_HHJYYDSX2_L2",1.39596623504362,0.633650650822856,"GASO"
"166","GASO_09_EKDL210004790-1a-AK11683-AK16236_HHJYYDSX2_L3",1.62748698319368,0.677101857600379,"GASO"
"167","GASO_10_EKDL210009122-1a-AK31220-AK31221_HTVH3DSX2_L3",1.17765723271335,0.593033784988313,"GASO"
"168","GASO_11_EKDL210009122-1a-AK19244-AK31215_HTVH3DSX2_L3",1.02600184928969,0.557711573508777,"GASO"
"169","GASO_12_EKDL210004790-1a-AK11630-AK16248_HHJYYDSX2_L3",1.420879893954,0.648819938262633,"GASO"
"170","GASO_13_EKDL210004788-1a-AK11600-AK6934_HHJYYDSX2_L1",1.17719253343113,0.598912072535201,"GASO"
"171","GASO_14_EKDL210009122-1a-AK31210-AK31211_HTVH3DSX2_L3",0.645948626114922,0.427371502136847,"GASO"
"172","GASO_15_EKDL210005548-1a-AK11398-AK16264_HHJKNDSX2_L4",2.32873909979825,0.758149899983067,"GASO"
"173","GASO_16_EKDL210004788-1a-AK4251-AK16229_HHJYYDSX2_L1",1.26472792212226,0.615325453137711,"GASO"
"174","GASO_17_EKDL210005548-1a-AK11582-AK8205_HHJKNDSX2_L4",1.10736288245279,0.578751442859131,"GASO"
"175","GASO_18_EKDL210009122-1a-AK18628-AK31201_HTVH3DSX2_L3",1.0525943148587,0.565289795282372,"GASO"
"176","GASO_19_EKDL210009122-1a-AK19282-AK15919_HTVH3DSX2_L3",0.562800937685572,0.389567814715071,"GASO"
"177","GASO_20_EKDL210009122-1a-AK31176-AK31177_HTVH3DSX2_L3",0.927197979062063,0.530935822877274,"GASO"
"178","GREV_01_EKDL210007863-1a-AK19130-AK23745_HLNT5DSX2_L2",0.927180696154027,0.526705011328527,"GREV"
"179","GREV_02_EKDL210007863-1a-AK19011-AK22952_HLNT5DSX2_L2",0.888656793952559,0.499417162194807,"GREV"
"180","GREV_03_EKDL210004788-1a-AK11631-AK349_HHJYYDSX2_L1",1.63315214323604,0.680339718896173,"GREV"
"181","GREV_04_EKDL210004790-1a-AK11598-AK16273_HHJYYDSX2_L3",1.17260320468314,0.595290935080237,"GREV"
"182","GREV_05_EKDL200012859-1a-AK11476-AK16258_HNLVYDSXY_L1",0.24288145608425,0.20193532929584,"GREV"
"183","GREV_06_EKDL210005548-1a-AK11640-AK16265_HHJKNDSX2_L4",1.3770610611975,0.644267769514615,"GREV"
"184","GREV_07_EKDL200012859-1a-AK11381-AK16293_HNLVYDSXY_L1",1.69060569738154,0.689833774892205,"GREV"
"185","GREV_08_EKDL210005548-1a-AK11186-AK1268_HHJKNDSX2_L4",1.22743939820909,0.611595033630691,"GREV"
"186","GREV_09_EKDL210004790-1a-AK11659-AK16242_HHJYYDSX2_L3",2.69979594013599,0.775108011501942,"GREV"
"187","GREV_10_EKDL210007863-1a-AK18650-AK23751_HLNT5DSX2_L2",1.57010834107193,0.669067956753652,"GREV"
"188","GREV_11_EKDL200012859-1a-AK11490-AK14430_HNLVYDSXY_L1",1.46243438492494,0.651681271075336,"GREV"
"189","GREV_12_EKDL200012859-1a-AK11158-AK16267_HNLVYDSXY_L1",0.983269317796396,0.519139283826997,"GREV"
"190","GREV_13_EKDL210005548-1a-AK11195-AK16227_HHJKNDSX2_L4",1.18439125960856,0.599163616343179,"GREV"
"191","GREV_14_EKDL210007863-1a-AK19099-AK34207_HLNT5DSX2_L2",1.27242626418394,0.576817486639622,"GREV"
"192","GREV_15_EKDL210004790-1a-AK12626-AK16295_HHJYYDSX2_L3",1.476994622926,0.648525921388206,"GREV"
"193","GREV_16_EKDL210004788-1a-AK11661-AK16241_HHJYYDSX2_L1",1.24473888386758,0.605556628042406,"GREV"
"194","GREV_17_EKDL210005548-1a-AK11490-AK14430_HHJKNDSX2_L4",1.657283713857,0.686289092453055,"GREV"
"195","HAFR_01_EKDL200012859-1a-AK11714-AK16250_HNLVYDSXY_L1",1.08775036685406,0.576909933298126,"HAFR"
"196","HAFR_02_EKDL210007863-1a-AK19152-AK23701_HLNT5DSX2_L2",1.06112859958943,0.543064173945841,"HAFR"
"197","HAFR_03_EKDL210007863-1a-AK19092-AK23692_HLNT5DSX2_L2",1.72294535095942,0.685842026864191,"HAFR"
"198","HAFR_04_EKDL210004790-1a-AK11436-AK16240_HHJYYDSX2_L3",1.50447209574237,0.659915615194503,"HAFR"
"199","HAFR_05_EKDL210007863-1a-AK19109-AK31194_HLNT5DSX2_L2",1.2793871644979,0.619840295233367,"HAFR"
"200","HAFR_06_EKDL210007863-1a-AK18986-AK34202_HLNT5DSX2_L2",1.43993949751623,0.654038518688194,"HAFR"
"201","HAFR_07_EKDL210004790-1a-AK11375-AK16261_HHJYYDSX2_L3",1.02796533096223,0.559013165262606,"HAFR"
"202","HAFR_08_EKDL210004789-1a-AK11675-AK16223_HHJYYDSX2_L2",1.20300295149979,0.591241074294409,"HAFR"
"203","HAFR_09_EKDL210007863-1a-AK19003-AK23702_HLNT5DSX2_L2",1.95067211393025,0.710546751385018,"HAFR"
"204","HAFR_10_EKDL210004789-1a-AK11683-AK16236_HHJYYDSX2_L2",1.36340457010347,0.631906694710785,"HAFR"
"205","HAFR_11_EKDL210004790-1a-AK11718-AK16243_HHJYYDSX2_L3",1.15745055102247,0.568249570745537,"HAFR"
"206","HAFR_13_EKDL210007863-1a-AK19133-AK18842_HLNT5DSX2_L2",1.50901672667234,0.617252129092544,"HAFR"
"207","HAFR_14_EKDL210004790-1a-AK11495-AK16238_HHJYYDSX2_L3",1.0613056672336,0.566624912148084,"HAFR"
"208","HAFR_15_EKDL210004789-1a-AK11526-AK16296_HHJYYDSX2_L2",1.24343144878969,0.61169878235528,"HAFR"
"209","HAFR_16_EKDL210007863-1a-AK23704-AK22953_HLNT5DSX2_L2",2.5607834058451,0.740319037746802,"HAFR"
"210","HAFR_17_EKDL210004788-1a-AK11428-AK16253_HHJYYDSX2_L1",1.29078494852256,0.611792450354809,"HAFR"
"211","HAFR_18_EKDL210007863-1a-AK23705-AK23706_HLNT5DSX2_L2",0.830342143106702,0.474571299365335,"HAFR"
"212","HAFR_19_EKDL200012859-1a-AK11398-AK16264_HNLVYDSXY_L1",1.22705305704334,0.607796959056403,"HAFR"
"213","HAFR_23_EKDL200012859-1a-AK11416-AK16269_HNLVYDSXY_L1",1.37321388358643,0.635587640583097,"HAFR"
"214","HAFR_25_EKDL200012859-1a-AK11375-AK16261_HNLVYDSXY_L1",1.64266051269589,0.681487872691383,"HAFR"
"215","HAFR_99_EKDL200012859-1a-AK11401-AK7949_HNLVYDSXY_L1",1.41383252316232,0.646818361937907,"HAFR"
"216","HALS_01_EKDL210007862-1a-AK19200-AK18813_HLNT5DSX2_L2",2.47074612570406,0.765917809536433,"HALS"
"217","HALS_02_EKDL210007862-1a-AK19206-AK18829_HLNT5DSX2_L2",1.99581107881651,0.725735103631876,"HALS"
"218","HALS_03_EKDL210007862-1a-AK19184-AK18843_HLNT5DSX2_L2",1.56426229669454,0.670005650648459,"HALS"
"219","HALS_04_EKDL210007862-1a-AK19191-AK18808_HLNT5DSX2_L2",1.99373999210552,0.72303372803513,"HALS"
"220","HALS_05_EKDL210007862-1a-AK16179-AK16180_HLNT5DSX2_L2",0.960672878444955,0.541925448250715,"HALS"
"221","HALS_06_EKDL210007862-1a-AK16195-AK16196_HLNT5DSX2_L2",1.31908532083145,0.626869350571571,"HALS"
"222","HALS_07_EKDL210007862-1a-AK16211-AK16212_HLNT5DSX2_L2",1.13617004602446,0.588442759415447,"HALS"
"223","HALS_08_EKDL210007862-1a-AK19027-AK19676_HLNT5DSX2_L2",1.28827010479785,0.625157771650668,"HALS"
"224","HALS_09_EKDL210007862-1a-AK19257-AK19684_HLNT5DSX2_L2",1.71123750713946,0.696187988036671,"HALS"
"225","HALS_10_EKDL210007862-1a-AK19278-AK19691_HLNT5DSX2_L2",2.21706285339843,0.762812463741803,"HALS"
"226","HALS_13_EKDL210007862-1a-AK19223-AK19696_HLNT5DSX2_L2",1.0195629732052,0.556201936566952,"HALS"
"227","HALS_14_EKDL210007862-1a-AK19088-AK19704_HLNT5DSX2_L2",1.74709827756769,0.698215865147887,"HALS"
"228","HALS_15_EKDL210007862-1a-AK19102-AK18815_HLNT5DSX2_L2",1.41378265096002,0.655067668650026,"HALS"
"229","HAUG_01_EKDL210004790-1a-AK11615-AK16297_HHJYYDSX2_L3",1.45910276472821,0.650550505074102,"HAUG"
"230","HAUG_02_EKDL200012859-1a-AK11433-AK13293_HNLVYDSXY_L1",2.19777024640529,0.740230866947285,"HAUG"
"231","HAUG_03_EKDL210004789-1a-AK11398-AK16264_HHJYYDSX2_L2",1.31657501051939,0.622408588943704,"HAUG"
"232","HAUG_04_EKDL210009123-1a-AK27190-AK34205_HTVH3DSX2_L3",1.63481089682634,0.6813153139864,"HAUG"
"233","HAUG_05_EKDL200012859-1a-AK11692-AK16230_HNLVYDSXY_L1",0.969987845990143,0.542907443727304,"HAUG"
"234","HAUG_06_EKDL210004788-1a-AK11485-AK16252_HHJYYDSX2_L1",1.36242830723786,0.633049340817368,"HAUG"
"235","HAUG_07_EKDL210004788-1a-AK11158-AK16267_HHJYYDSX2_L1",1.31521484334332,0.625224008424018,"HAUG"
"236","HAUG_08_EKDL210004789-1a-AK12626-AK16295_HHJYYDSX2_L2",1.18602555840924,0.60001638042071,"HAUG"
"237","HAUG_09_EKDL200012859-1a-AK11186-AK1268_HNLVYDSXY_L1",1.59938332021015,0.678553865426113,"HAUG"
"238","HAUG_10_EKDL210009123-1a-AK19072-AK23726_HTVH3DSX2_L3",1.20867005776293,0.590176618486834,"HAUG"
"239","HAUG_11_EKDL210004788-1a-AK11384-AK16224_HHJYYDSX2_L1",1.11262969535992,0.573771944600731,"HAUG"
"240","HAUG_12_EKDL210004789-1a-AK11473-AK16281_HHJYYDSX2_L2",1.64757706644128,0.678223404108441,"HAUG"
"241","HAUG_13_EKDL210004789-1a-AK11208-AK16233_HHJYYDSX2_L2",1.82002361549095,0.697827709451627,"HAUG"
"242","HAUG_14_EKDL210004788-1a-AK11506-AK16290_HHJYYDSX2_L1",1.47901497620386,0.657767996550607,"HAUG"
"243","HAUG_15_2_EKDL210007863-1a-AK19063-AK34200_HLNT5DSX2_L2",1.59069369442009,0.677974547716878,"HAUG"
"244","HAUG_15_a_2_EKDL210007863-1a-AK19135-AK34203_HLNT5DSX2_L2",1.57203580833423,0.676012798996651,"HAUG"
"245","HAUG_15_a_batch1_EKDL210004788-1a-AK11615-AK16297_HHJYYDSX2_L1",1.96520914761775,0.721734838847938,"HAUG"
"246","HAUG_15_a_batch2_EKDL210004789-1a-AK7685-AK16294_HHJYYDSX2_L2",1.09010032021729,0.573801947868552,"HAUG"
"247","HAUG_15_a_batch3_EKDL210004790-1a-AK11401-AK7949_HHJYYDSX2_L3",1.62593157859492,0.683237085930707,"HAUG"
"248","HAUG_15_a_EKDL200012859-1a-AK11526-AK16296_HNLVYDSXY_L1",1.86273182155369,0.707839785356121,"HAUG"
"249","HAUG_15_a_EKDL210005548-1a-AK11659-AK16242_HHJKNDSX2_L4",1.23480636294777,0.613358706009416,"HAUG"
"250","HAUG_15_a_EKDL210007862-1a-AK19232-AK19706_HLNT5DSX2_L2",1.36195958731962,0.641719074365356,"HAUG"
"251","HAUG_15a_EKDL210009123-1a-AK19135-AK34203_HTVH3DSX2_L3",0.950294023808353,0.539480401601496,"HAUG"
"252","HAUG_15_batch1_EKDL210004788-1a-AK11653-AK16291_HHJYYDSX2_L1",1.29030862901941,0.622871918879266,"HAUG"
"253","HAUG_15_batch2_EKDL210004789-1a-AK11710-AK16288_HHJYYDSX2_L2",1.19603321277946,0.599614810950412,"HAUG"
"254","HAUG_15_batch3_EKDL210004790-1a-AK11440-AK16251_HHJYYDSX2_L3",1.96360580538258,0.725972245405138,"HAUG"
"255","HAUG_15b_EKDL210009122-1a-AK31205-AK31206_HTVH3DSX2_L3",0.529753324692708,0.376018166487449,"HAUG"
"256","HAUG_15c_EKDL210009122-1a-AK34066-AK34067_HTVH3DSX2_L3",0.692653537824783,0.448948894393799,"HAUG"
"257","HAUG_15_EKDL200012859-1a-AK11653-AK16291_HNLVYDSXY_L1",1.10346101370314,0.581347231892742,"HAUG"
"258","HAUG_15_EKDL210005548-1a-AK11683-AK16236_HHJKNDSX2_L4",0.823007548567046,0.499106890296896,"HAUG"
"259","HAUG_15_EKDL210007862-1a-AK19250-AK19698_HLNT5DSX2_L2",0.939156292189353,0.537085899591184,"HAUG"
"260","HAUG_15_EKDL210009123-1a-AK19063-AK34200_HTVH3DSX2_L3",0.700680804039363,0.45151028309882,"HAUG"
"261","HAUG_16_EKDL210004789-1a-AK11512-AK16284_HHJYYDSX2_L2",1.09863173339816,0.571683174083147,"HAUG"
"262","HAUG_17_EKDL200012859-1a-AK11387-AK16228_HNLVYDSXY_L1",0.969493745952741,0.542902634114319,"HAUG"
"263","HAUG_18_EKDL210005548-1a-AK11471-AK16271_HHJKNDSX2_L4",1.42264262585355,0.651587712623571,"HAUG"
"264","HAUG_19_EKDL210009123-1a-AK18989-AK33821_HTVH3DSX2_L3",0.387205146818645,0.286620795622822,"HAUG"
"265","HAUG_20_EKDL210009123-1a-AK19103-AK23729_HTVH3DSX2_L3",1.34574346028505,0.632038415407961,"HAUG"
"266","HAUG_21_EKDL200012859-1a-AK11486-AK16237_HNLVYDSXY_L1",0.919644150312294,0.518210516909525,"HAUG"
"267","HAUG_24_EKDL210009123-1a-AK19147-AK23730_HTVH3DSX2_L3",1.56585623763288,0.673624466623156,"HAUG"
"268","HAVS_05_2_EKDL210007863-1a-AK27187-AK31195_HLNT5DSX2_L2",1.29741626156993,0.623474550450328,"HAVS"
"269","HAVS_05_a2_EKDL210007863-1a-AK19121-AK23778_HLNT5DSX2_L2",1.47914280096271,0.654651654025148,"HAVS"
"270","HAVS_05_a_batch1_EKDL210004788-1a-AK11598-AK16273_HHJYYDSX2_L1",1.46785820075486,0.65231450143451,"HAVS"
"271","HAVS_05_a_batch2_EKDL210004789-1a-AK11615-AK16297_HHJYYDSX2_L2",0.945562400673487,0.529514713347899,"HAVS"
"272","HAVS_05_a_batch3_EKDL210004790-1a-AK7415-AK16289_HHJYYDSX2_L3",2.0510912822486,0.73140684702821,"HAVS"
"273","HAVS_05_a_EKDL210005548-1a-AK11600-AK6934_HHJKNDSX2_L4",0.656810693606028,0.43140123760001,"HAVS"
"274","HAVS_05_a_EKDL210007862-1a-AK19190-AK19685_HLNT5DSX2_L2",1.8519983503182,0.710214318207601,"HAVS"
"275","HAVS_05_batch1_EKDL210004788-1a-AK12637-AK16268_HHJYYDSX2_L1",1.21038879458112,0.600764970402018,"HAVS"
"276","HAVS_05_batch2_EKDL210004789-1a-AK11653-AK16291_HHJYYDSX2_L2",1.02888611487783,0.551625375960495,"HAVS"
"277","HAVS_05_EKDL200012859-1a-AK11379-AK16266_HNLVYDSXY_L1",1.35000246057096,0.633339781073852,"HAVS"
"278","HAVS_05_EKDL210004790-1a-AK11520-AK16285_HHJYYDSX2_L3",1.69286695434969,0.688674440232692,"HAVS"
"279","HAVS_05_EKDL210005548-1a-AK11702-AK16286_HHJKNDSX2_L4",1.13124634253962,0.584242680676011,"HAVS"
"280","HAVS_05_EKDL210007862-1a-AK19195-AK19693_HLNT5DSX2_L2",2.44832819909591,0.76375442184158,"HAVS"
"281","HAVS_06_EKDL210004790-1a-AK7016-AK16255_HHJYYDSX2_L3",1.29637749820936,0.628011481570583,"HAVS"
"282","HAVS_07_EKDL210004790-1a-AK11200-AK15590_HHJYYDSX2_L3",1.29957581742404,0.626313004096053,"HAVS"
"283","HAVS_08_EKDL210004789-1a-AK11384-AK16224_HHJYYDSX2_L2",1.08241896971322,0.565101279896752,"HAVS"
"284","HAVS_09_EKDL210005548-1a-AK11675-AK16223_HHJKNDSX2_L4",1.26499606940868,0.61856373980514,"HAVS"
"285","HAVS_11_EKDL210004788-1a-AK11426-AK5939_HHJYYDSX2_L1",1.41031088071526,0.643118228891333,"HAVS"
"286","HAVS_12_EKDL210004790-1a-AK11164-AK16239_HHJYYDSX2_L3",1.67960586775086,0.680284266750534,"HAVS"
"287","HAVS_14_EKDL210004790-1a-AK11486-AK16237_HHJYYDSX2_L3",1.58467118724223,0.675898517371127,"HAVS"
"288","HAVS_15_EKDL210004789-1a-AK11640-AK16265_HHJYYDSX2_L2",1.33214062079123,0.626866383458738,"HAVS"
"289","HAVS_16_EKDL210004790-1a-AK11473-AK16281_HHJYYDSX2_L3",0.799289091885404,0.48712255957548,"HAVS"
"290","HAVS_17_EKDL210005548-1a-AK11160-AK9453_HHJKNDSX2_L4",1.43853976262007,0.652866785319559,"HAVS"
"291","HAVS_19_EKDL210004788-1a-AK11659-AK16242_HHJYYDSX2_L1",1.25470895170091,0.6071457022631,"HAVS"
"292","HAVS_20_EKDL210004790-1a-AK11384-AK16224_HHJYYDSX2_L3",2.06230233744908,0.730532698994133,"HAVS"
"293","HAVS_21_EKDL210005548-1a-AK11377-AK16262_HHJKNDSX2_L4",0.511054887288323,0.365596983294196,"HAVS"
"294","HAVS_22_EKDL210004788-1a-AK11520-AK16285_HHJYYDSX2_L1",1.28851274260591,0.622910563600997,"HAVS"
"295","HAVS_23_EKDL210004789-1a-AK11674-AK2690_HHJYYDSX2_L2",0.745663418628803,0.458449172469725,"HAVS"
"296","HAVS_24_EKDL210004788-1a-AK11512-AK16284_HHJYYDSX2_L1",1.1426802761613,0.583955864818941,"HAVS"
"297","HAVS_25_EKDL210004789-1a-AK11702-AK16286_HHJYYDSX2_L2",1.27565728224096,0.616018530372489,"HAVS"
"298","Havs_01_EKDL210004790-1a-AK11526-AK16296_HHJYYDSX2_L3",1.3007187735273,0.628093544499576,"Havs"
"299","Havs_02_EKDL210005548-1a-AK4251-AK16229_HHJKNDSX2_L4",1.1072016735954,0.579485798623574,"Havs"
"300","Havs_03_EKDL210005548-1a-AK12626-AK16295_HHJKNDSX2_L4",1.03940520114053,0.564166177855416,"Havs"
"301","Havs_04_EKDL210004790-1a-AK11186-AK1268_HHJYYDSX2_L3",1.56309453384966,0.673812915580877,"Havs"
"302","Havs_05_batch3_EKDL210004790-1a-AK11195-AK16227_HHJYYDSX2_L3",1.50952131416017,0.660292172812637,"Havs"
"303","Havs_06_EKDL210004790-1a-AK11528-AK14283_HHJYYDSX2_L3",1.40369481461934,0.643673645376261,"Havs"
"304","Havs_07_EKDL210005548-1a-AK11520-AK16285_HHJKNDSX2_L4",0.735280396515586,0.463957972890842,"Havs"
"305","Havs_08_EKDL210009123-1a-AK19015-AK23761_HTVH3DSX2_L3",0.899029170120816,0.517554374752124,"Havs"
"306","Havs_09_EKDL210004789-1a-AK11667-AK16287_HHJYYDSX2_L2",1.46149275663352,0.654476088583673,"Havs"
"307","Havs_10_EKDL210009123-1a-AK18652-AK23762_HTVH3DSX2_L3",1.00563113380735,0.55147539458344,"Havs"
"308","Havs_11_EKDL210009123-1a-AK19087-AK23763_HTVH3DSX2_L3",0.738686251637535,0.464072515566356,"Havs"
"309","Havs_12_EKDL210009123-1a-AK19059-AK23764_HTVH3DSX2_L3",1.68640969987916,0.687107723078996,"Havs"
"310","Havs_13_EKDL210004789-1a-AK11497-AK9485_HHJYYDSX2_L2",0.691047998808358,0.442230513017107,"Havs"
"311","Havs_13_EKDL210009123-1a-AK19150-AK23765_HTVH3DSX2_L3",0.977073690189809,0.545859795581379,"Havs"
"312","Havs_14_EKDL210009123-1a-AK23766-AK23767_HTVH3DSX2_L3",0.777062908825267,0.476988642084368,"Havs"
"313","Havs_15_EKDL210004790-1a-AK11171-AK16279_HHJYYDSX2_L3",1.05362834202693,0.564213798501356,"Havs"
"314","HFJO_01_EKDL200012859-1a-AK11471-AK16271_HNLVYDSXY_L1",0.780286404213818,0.47928284845545,"HFJO"
"315","HFJO_02_EKDL210009123-1a-AK27209-AK34210_HTVH3DSX2_L3",1.64332206930951,0.679307841894267,"HFJO"
"316","HFJO_03_EKDL210005548-1a-AK11467-AK14066_HHJKNDSX2_L4",1.08676749849175,0.575953420496006,"HFJO"
"317","HFJO_04_EKDL210007862-1a-AK15912-AK18845_HLNT5DSX2_L2",2.30554808762911,0.752199429783146,"HFJO"
"318","HFJO_05_EKDL210004788-1a-AK11656-AK574_HHJYYDSX2_L1",0.995842085495535,0.546663856354754,"HFJO"
"319","HFJO_06_EKDL210005548-1a-AK11714-AK16250_HHJKNDSX2_L4",2.86128856472949,0.788719287339028,"HFJO"
"320","HFJO_07_EKDL210004789-1a-AK11593-AK16256_HHJYYDSX2_L2",0.768768116483157,0.473016703555147,"HFJO"
"321","HFJO_08_EKDL210005548-1a-AK11519-AK16232_HHJKNDSX2_L4",1.67197686010021,0.683958799417065,"HFJO"
"322","HFJO_09_EKDL210004790-1a-AK11379-AK16266_HHJYYDSX2_L3",1.52224134901589,0.664829142391149,"HFJO"
"323","HFJO_10_EKDL210004788-1a-AK11524-AK16276_HHJYYDSX2_L1",2.13706227992753,0.737276905673405,"HFJO"
"324","HFJO_11_EKDL210004789-1a-AK11631-AK349_HHJYYDSX2_L2",1.2664816815935,0.61105491071281,"HFJO"
"325","HFJO_12_EKDL210005548-1a-AK11208-AK16233_HHJKNDSX2_L4",1.64415022942595,0.681766940957679,"HFJO"
"326","HFJO_13_EKDL210007862-1a-AK19010-AK18831_HLNT5DSX2_L2",2.55307122347287,0.768910257037407,"HFJO"
"327","HFJO_14_EKDL210005548-1a-AK11615-AK16297_HHJKNDSX2_L4",1.43166553206828,0.652841693054674,"HFJO"
"328","HFJO_15_EKDL210004790-1a-AK2372-AK16292_HHJYYDSX2_L3",1.04716029710205,0.564328147720181,"HFJO"
"329","HFJO_16_EKDL210009123-1a-AK23756-AK23757_HTVH3DSX2_L3",1.28312390864011,0.620888468047817,"HFJO"
"330","HFJO_17_EKDL210005548-1a-AK11718-AK16243_HHJKNDSX2_L4",1.24535824594636,0.61265872843093,"HFJO"
"331","HFJO_18_EKDL210005548-1a-AK11190-AK16270_HHJKNDSX2_L4",1.59045021402624,0.677468115397927,"HFJO"
"332","HFJO_19_EKDL210009123-1a-AK23758-AK23759_HTVH3DSX2_L3",1.0944842259316,0.573242073721965,"HFJO"
"333","HFJO_20_EKDL210009123-1a-AK19070-AK23760_HTVH3DSX2_L3",0.56863642934964,0.391967427012016,"HFJO"
"334","HVAD_01_EKDL210009122-1a-AK27198-AK18840_HTVH3DSX2_L3",1.601,0.67,"HVAD"
"335","HYPP_01_EKDL210007863-1a-AK19167-AK31197_HLNT5DSX2_L2",1.25175607774695,0.610987419967186,"HYPP"
"336","HYPP_02_EKDL210007863-1a-AK19040-AK34209_HLNT5DSX2_L2",1.42626938054509,0.645571407713901,"HYPP"
"337","HYPP_03_EKDL210007863-1a-AK27209-AK34210_HLNT5DSX2_L2",1.18718381623771,0.59801614663879,"HYPP"
"338","HYPP_04_EKDL210007863-1a-AK23756-AK23757_HLNT5DSX2_L2",1.46279607667864,0.641488426210594,"HYPP"
"339","HYPP_05_EKDL210007863-1a-AK23758-AK23759_HLNT5DSX2_L2",1.44528041832006,0.647301976856173,"HYPP"
"340","HYPP_06_EKDL210007863-1a-AK19070-AK23760_HLNT5DSX2_L2",1.57186831446508,0.670165599706605,"HYPP"
"341","HYPP_07_EKDL210007863-1a-AK19015-AK23761_HLNT5DSX2_L2",1.09498618077701,0.574998153508347,"HYPP"
"342","HYPP_08_EKDL210007863-1a-AK18652-AK23762_HLNT5DSX2_L2",0.869495900663806,0.501187268756544,"HYPP"
"343","HYPP_09_EKDL210007863-1a-AK19087-AK23763_HLNT5DSX2_L2",0.691901610132964,0.444549524964245,"HYPP"
"344","HYPP_10_EKDL210007863-1a-AK19059-AK23764_HLNT5DSX2_L2",0.919451868348059,0.527244270683718,"HYPP"
"345","HYPP_11_EKDL210007863-1a-AK19150-AK23765_HLNT5DSX2_L2",1.31781676938282,0.628872617894222,"HYPP"
"346","HYPP_12_EKDL210007863-1a-AK23766-AK23767_HLNT5DSX2_L2",1.13882211813486,0.580355527454249,"HYPP"
"347","HYPP_13_EKDL210007863-1a-AK18634-AK31196_HLNT5DSX2_L2",0.451452475676249,0.331433202122422,"HYPP"
"348","HYPP_14_EKDL210007863-1a-AK27212-AK34199_HLNT5DSX2_L2",0.945495666273426,0.532417549612804,"HYPP"
"349","HYPP_15_EKDL210007863-1a-AK19156-AK34201_HLNT5DSX2_L2",1.33995758093843,0.631625941273572,"HYPP"
"350","HYPP_16_EKDL210009122-1a-AK19225-AK31157_HTVH3DSX2_L3",1.05327353546696,0.560373504918198,"HYPP"
"351","HYPP_17_EKDL210009122-1a-AK19185-AK31146_HTVH3DSX2_L3",0.741462469334256,0.46460533024992,"HYPP"
"352","HYPP_18_EKDL210009122-1a-AK19265-AK31135_HTVH3DSX2_L3",0.782992695475106,0.476217421166653,"HYPP"
"353","HYPP_19_EKDL210009122-1a-AK34061-AK34062_HTVH3DSX2_L3",0.696216901653785,0.446911634633166,"HYPP"
"354","HYPP_20_EKDL210009122-1a-AK19176-AK31112_HTVH3DSX2_L3",0.665940731706865,0.43598086554385,"HYPP"
"355","INNE_01_EKDL210004790-1a-AK11208-AK16233_HHJYYDSX2_L3",1.50341654826565,0.65504228736551,"INNE"
"356","INNE_02_EKDL210004790-1a-AK11190-AK16270_HHJYYDSX2",1.56213381977465,0.631025428402875,"INNE"
"357","INNE_03_EKDL210009123-1a-AK23722-AK23723_HTVH3DSX2_L3",1.60840318006462,0.6573982180744,"INNE"
"358","INNE_04_EKDL210005548-1a-AK11698-AK16226_HHJKNDSX2_L4",1.28938837769256,0.623109258770824,"INNE"
"359","INNE_05_EKDL210004790-1a-AK11593-AK16256_HHJYYDSX2",1.95968768510607,0.711778416703585,"INNE"
"360","INNE_06_EKDL210009123-1a-AK19172-AK23724_HTVH3DSX2_L3",2.04298030056533,0.727199602233469,"INNE"
"361","INNE_07_EKDL200012859-1a-AK11178-AK16246_HNLVYDSXY_L1",2.320835492031,0.76966646175369,"INNE"
"362","INNE_08_EKDL200012859-1a-AK11665-AK16278_HNLVYDSXY_L1",1.38915525783726,0.636725957222211,"INNE"
"363","INNE_09_EKDL210004788-1a-AK11726-AK16225_HHJYYDSX2_L1",1.47556392680189,0.6592701154858,"INNE"
"364","INNE_10_EKDL210004789-1a-AK11582-AK8205_HHJYYDSX2_L2",1.19098326365504,0.588736015282538,"INNE"
"365","INNE_11_EKDL200012859-1a-AK11593-AK16256_HNLVYDSXY_L1",1.21711174782892,0.605297162998794,"INNE"
"366","INNE_12_EKDL210004790-1a-AK11665-AK16278_HHJYYDSX2_L3",0.782868148991129,0.449025194411182,"INNE"
"367","INNE_13_EKDL210009123-1a-AK18636-AK23725_HTVH3DSX2_L3",1.37938799088371,0.62564661223034,"INNE"
"368","INNE_14_EKDL210009123-1a-AK19054-AK23703_HTVH3DSX2_L3",0.775354292355708,0.475500607029215,"INNE"
"369","INNE_15_EKDL210004789-1a-AK11605-AK16247_HHJYYDSX2_L2",1.40399432286653,0.636317635414225,"INNE"
"370","INNE_17_EKDL200012859-1a-AK11591-AK16275_HNLVYDSXY_L1",1.21385728888138,0.595479993543068,"INNE"
"371","INNE_19_EKDL210005548-1a-AK11674-AK2690_HHJKNDSX2_L4",2.08251836100066,0.72436976789902,"INNE"
"372","INNE_20_EKDL200012859-1a-AK11384-AK16224_HNLVYDSXY_L1",0.991475685281186,0.545723906242176,"INNE"
"373","INNE_21_EKDL210004789-1a-AK11714-AK16250_HHJYYDSX2_L2",1.67983397066799,0.683695525840564,"INNE"
"374","INNE_22_EKDL210009123-1a-AK18984-AK31192_HTVH3DSX2_L3",1.52320015649377,0.659227591141674,"INNE"
"375","INNE_25_EKDL200012859-1a-AK11495-AK16238_HNLVYDSXY_L1",0.348245869173172,0.272371849245929,"INNE"
"376","KALV_01_EKDL210007862-1a-AK19226-AK19671_HLNT5DSX2_L2",1.82492036556419,0.707311960922812,"KALV"
"377","KALV_02_EKDL210009123-1a-AK18634-AK31196_HTVH3DSX2_L3",0.912275069204313,0.525457343878654,"KALV"
"378","KALV_03_EKDL210007862-1a-AK16181-AK16182_HLNT5DSX2_L2",0.84564309297335,0.502294795481661,"KALV"
"379","KALV_04_EKDL200012859-1a-AK11659-AK16242_HNLVYDSXY_L1",0.774604012541781,0.468838287303272,"KALV"
"380","KALV_05_EKDL210005548-1a-AK11168-AK16259_HHJKNDSX2_L4",1.17808041222847,0.596947474407717,"KALV"
"381","KALV_06_EKDL210005548-1a-AK2372-AK16292_HHJKNDSX2_L4",1.1982937099051,0.604102210165872,"KALV"
"382","KALV_07_EKDL210004789-1a-AK11375-AK16261_HHJYYDSX2_L2",1.34564326836635,0.631161342215514,"KALV"
"383","KALV_08_EKDL210009123-1a-AK27212-AK34199_HTVH3DSX2_L3",0.867793627475728,0.509083167390711,"KALV"
"384","KALV_09_EKDL210009123-1a-AK19156-AK34201_HTVH3DSX2_L3",1.39029527246638,0.641043032973228,"KALV"
"385","KALV_10_EKDL210009123-1a-AK19117-AK23768_HTVH3DSX2_L3",0.752968526173509,0.471656444312276,"KALV"
"386","KALV_11_EKDL210004790-1a-AK717-5UDI1548_HHJYYDSX2_L3",1.19521752129675,0.599812658873174,"KALV"
"387","KALV_11_EKDL210009123-1a-AK18631-AK23769_HTVH3DSX2_L3",0.962956886385613,0.541358913833178,"KALV"
"388","KALV_12_EKDL210005548-1a-AK11464-AK16277_HHJKNDSX2_L4",1.40697768489569,0.647853706009993,"KALV"
"389","KALV_13_EKDL210005548-1a-AK7415-AK16289_HHJKNDSX2_L4",1.27096575824863,0.619259737536681,"KALV"
"390","KALV_16_EKDL210004789-1a-AK11475-AK16282_HHJYYDSX2_L2",1.40101070095318,0.627079820960589,"KALV"
"391","KALV_18_EKDL210004788-1a-AK11584-AK16263_HHJYYDSX2_L1",0.925746408261693,0.526271668345162,"KALV"
"392","KALV_19_EKDL210004790-1a-AK11416-AK16269_HHJYYDSX2_L3",1.6736617886138,0.687583889914734,"KALV"
"393","KALV_20_EKDL210004790-1a-AK11653-AK16291_HHJYYDSX2_L3",1.25675651361313,0.615257538185853,"KALV"
"394","KALV_21_EKDL210004788-1a-AK11195-AK16227_HHJYYDSX2_L1",1.17053773637349,0.596890212393174,"KALV"
"395","KALV_23_EKDL210004789-1a-AK11726-AK16225_HHJYYDSX2_L2",1.36756259648669,0.63668714468263,"KALV"
"396","KALVV_01_EKDL210007862-1a-AK19226-AK19671_HLNT5DSX2_L2",1.82492036556419,0.707311960922812,"KALV"
"397","KALVV_03_EKDL210007862-1a-AK16181-AK16182_HLNT5DSX2_L2",0.84564309297335,0.502294795481661,"KALV"
"398","KLEV_01_EKDL210004790-1a-AK4251-AK16229_HHJYYDSX2_L3",1.46486477315103,0.656338738532259,"KLEV"
"399","KLEV_02_EKDL210004790-1a-AK11168-AK16259_HHJYYDSX2_L3",1.71270938972649,0.69544280335925,"KLEV"
"400","KLEV_03_EKDL210004789-1a-AK11195-AK16227_HHJYYDSX2_L2",1.96703592650035,0.719013685218247,"KLEV"
"401","KLEV_04_EKDL210007862-1a-AK18645-AK19678_HLNT5DSX2_L2",1.01830728895658,0.554565975903415,"KLEV"
"402","KLEV_05_EKDL210007863-1a-AK23735-AK23736_HLNT5DSX2_L2",1.69458963605284,0.688644385687194,"KLEV"
"403","KLEV_06_EKDL210005548-1a-AK11177-AK16280_HHJKNDSX2_L4",1.30747615507365,0.625759503531586,"KLEV"
"404","KLEV_07_EKDL210007863-1a-AK23727-AK23728_HLNT5DSX2_L2",1.4413942055775,0.646625081224568,"KLEV"
"405","KLEV_08_EKDL210007863-1a-AK19083-AK31191_HLNT5DSX2_L2",1.95403303116095,0.719264364298133,"KLEV"
"406","KLEV_09_EKDL210007863-1a-AK19165-AK34206_HLNT5DSX2_L2",1.55998624774674,0.665542904341428,"KLEV"
"407","KLEV_10_EKDL210004790-1a-AK11381-AK16293_HHJYYDSX2_L3",1.39469113520207,0.638992014479641,"KLEV"
"408","KLEV_11_EKDL210004789-1a-AK10139-AK9682_HHJYYDSX2_L2",2.20914913344156,0.745696817877189,"KLEV"
"409","KLEV_12_EKDL210005548-1a-AK11401-AK7949_HHJKNDSX2_L4",0.0502971052472759,0.0210652401462547,"KLEV"
"410","LANG_01_EKDL210004789-1a-AK11449-AK16245_HHJYYDSX2_L2",2.45339189180314,0.764135356708653,"LANG"
"411","LANG_02_EKDL210004790-1a-AK11661-AK16241_HHJYYDSX2_L3",2.50242522840989,0.749362503979104,"LANG"
"412","LANG_03_EKDL210005548-1a-AK11436-AK16240_HHJKNDSX2_L4",0.999767418444061,0.551263228534889,"LANG"
"413","LANG_04_EKDL210005548-1a-AK11661-AK16241_HHJKNDSX2_L4",0.792322640763279,0.483709924145994,"LANG"
"414","LANG_05_EKDL210007863-1a-AK23707-AK23708_HLNT5DSX2_L2",0.904741519610038,0.522998921913654,"LANG"
"415","LANG_06_EKDL210005548-1a-AK11164-AK16239_HHJKNDSX2_L4",1.50999225766517,0.662432997164383,"LANG"
"416","LANG_07_EKDL210005548-1a-AK11486-AK16237_HHJKNDSX2_L4",1.20580569490528,0.604216296003903,"LANG"
"417","LANG_08_EKDL210007863-1a-AK23709-AK23710_HLNT5DSX2_L2",1.27627815351434,0.615620478084644,"LANG"
"418","LANG_09_EKDL210004789-1a-AK7415-AK16289_HHJYYDSX2_L2",1.16796866650536,0.588329505674259,"LANG"
"419","LANG_10_EKDL210005548-1a-AK11497-AK9485_HHJKNDSX2_L4",1.2408252655381,0.61549625558227,"LANG"
"420","LANG_11_EKDL210004788-1a-AK11456-AK16260_HHJYYDSX2_L1",2.42559619671821,0.757145789843041,"LANG"
"421","LANG_12_EKDL210004788-1a-AK11200-AK15590_HHJYYDSX2_L1",1.54855937063232,0.672002008304189,"LANG"
"422","LANG_13_EKDL210007863-1a-AK23711-AK23712_HLNT5DSX2_L2",1.09201831859087,0.575023738738168,"LANG"
"423","LANG_14_EKDL210004788-1a-AK11433-AK13293_HHJYYDSX2_L1",1.71156401424932,0.67885106151649,"LANG"
"424","LANG_15_EKDL210004790-1a-AK11674-AK2690_HHJYYDSX2_L3",1.41593354321728,0.642890307776645,"LANG"
"425","LANG_16_EKDL210007863-1a-AK19032-AK23713_HLNT5DSX2_L2",0.9791324446204,0.539276403853746,"LANG"
"426","LANG_17_EKDL210004789-1a-AK11171-AK16279_HHJYYDSX2_L2",1.50371146366485,0.654548195485593,"LANG"
"427","LANG_18_EKDL210005548-1a-AK11710-AK16288_HHJKNDSX2_L4",1.41050130386354,0.646651192050575,"LANG"
"428","LANG_19_EKDL210004788-1a-AK11526-AK16296_HHJYYDSX2_L1",2.12285896951802,0.735819928574648,"LANG"
"429","LANG_20_EKDL210004788-1a-AK11683-AK16236_HHJYYDSX2_L1",1.18152174917214,0.598294261606462,"LANG"
"430","LILL_01_EKDL200012859-1a-GG04-AK5420_HNLVYDSXY_L1",0.980655200489527,0.545010492747018,"LILL"
"431","LILL_02_EKDL210004789-1a-AK11464-AK16277_HHJYYDSX2_L2",1.49623031869086,0.660652420633406,"LILL"
"432","LILL_03_EKDL210004789-1a-AK8204-AK9482_HHJYYDSX2_L2",1.28028667167351,0.612342154040404,"LILL"
"433","LILL_04_EKDL200012859-1a-AK11608-AK2002_HNLVYDSXY_L1",1.36978628206738,0.637762620529068,"LILL"
"434","LILL_05_EKDL210005548-1a-AK11433-AK13293_HHJKNDSX2_L4",1.36452663521534,0.640080979851231,"LILL"
"435","LILL_07_EKDL200012859-1a-AK11683-AK16236_HNLVYDSXY_L1",0.433580376864758,0.315222844991806,"LILL"
"436","LILL_08_EKDL200012859-1a-AK11467-AK14066_HNLVYDSXY_L1",0.700123223403551,0.439724905101016,"LILL"
"437","LILL_11_EKDL210004789-1a-AK11471-AK16271_HHJYYDSX2_L2",1.73784825436537,0.693202795161535,"LILL"
"438","LILL_12_EKDL210004789-1a-AK11186-AK1268_HHJYYDSX2_L2",1.41129707629991,0.642018181714588,"LILL"
"439","LILL_13_EKDL210004790-1a-AK11158-AK16267_HHJYYDSX2_L3",1.14629168833855,0.591415409071645,"LILL"
"440","LILL_14_EKDL210005548-1a-AK11479-AK16234_HHJKNDSX2_L4",2.14808960837894,0.740667964855059,"LILL"
"441","LILL_15_EKDL210004790-1a-AK10139-AK9682_HHJYYDSX2_L3",1.46252784431717,0.659016500758929,"LILL"
"442","LILL_16_EKDL210004789-1a-AK11467-AK14066_HHJYYDSX2_L2",1.33056955319264,0.629636903506177,"LILL"
"443","LILL_01_EKDL200012859-1a-GG04-AK5420_HNLVYDSXY_L1",0.980655200489527,0.545010492747018,"LILL"
"444","LILL_02_EKDL210004789-1a-AK11464-AK16277_HHJYYDSX2_L2",1.49623031869086,0.660652420633406,"LILL"
"445","LILL_03_EKDL210004789-1a-AK8204-AK9482_HHJYYDSX2_L2",1.28028667167351,0.612342154040404,"LILL"
"446","LILL_04_EKDL200012859-1a-AK11608-AK2002_HNLVYDSXY_L1",1.36978628206738,0.637762620529068,"LILL"
"447","LILL_05_EKDL210005548-1a-AK11433-AK13293_HHJKNDSX2_L4",1.36452663521534,0.640080979851231,"LILL"
"448","LILL_06_EKDL210009123-1a-AK23705-AK23706_HTVH3DSX2_L3",1.6061265805831,0.67547131139333,"LILL"
"449","LILL_07_EKDL200012859-1a-AK11683-AK16236_HNLVYDSXY_L1",0.433580376864758,0.315222844991806,"LILL"
"450","LILL_08_EKDL200012859-1a-AK11467-AK14066_HNLVYDSXY_L1",0.700123223403551,0.439724905101016,"LILL"
"451","LILL_09_EKDL210009123-1a-AK23707-AK23708_HTVH3DSX2_L3",0.976004654353548,0.54326315114289,"LILL"
"452","LILL_10_EKDL210009123-1a-AK23709-AK23710_HTVH3DSX2_L3",1.83804270176279,0.706491018139817,"LILL"
"453","LILL_11_EKDL210004789-1a-AK11471-AK16271_HHJYYDSX2_L2",1.73784825436537,0.693202795161535,"LILL"
"454","LILL_12_EKDL210004789-1a-AK11186-AK1268_HHJYYDSX2_L2",1.41129707629991,0.642018181714588,"LILL"
"455","LILL_13_EKDL210004790-1a-AK11158-AK16267_HHJYYDSX2_L3",1.14629168833855,0.591415409071645,"LILL"
"456","LILL_14_EKDL210005548-1a-AK11479-AK16234_HHJKNDSX2_L4",2.14808960837894,0.740667964855059,"LILL"
"457","LILL_15_EKDL210004790-1a-AK10139-AK9682_HHJYYDSX2_L3",1.46252784431717,0.659016500758929,"LILL"
"458","LILL_16_EKDL210004789-1a-AK11467-AK14066_HHJYYDSX2_L2",1.33056955319264,0.629636903506177,"LILL"
"459","LILL_17_EKDL210009123-1a-AK23711-AK23712_HTVH3DSX2_L3",1.91137640344837,0.716022242293574,"LILL"
"460","LILL_18_EKDL210009123-1a-AK19032-AK23713_HTVH3DSX2_L3",1.4586094443443,0.654801999007546,"LILL"
"461","LILL_19_EKDL210009123-1a-AK19136-AK23714_HTVH3DSX2_L3",1.43866729136682,0.649428203385711,"LILL"
"462","LILL_20_EKDL210009123-1a-AK19090-AK23691_HTVH3DSX2_L3",0.462899964085667,0.337198330325663,"LILL"
"463","LOGS_01_EKDL210005548-1a-AK12629-AK16244_HHJKNDSX2_L4",1.11929019822461,0.581613430627613,"LOGS"
"464","LOGS_02_EKDL210005548-1a-AK11460-AK16272_HHJKNDSX2_L4",0.958305645670064,0.541618664400215,"LOGS"
"465","LOGS_03_EKDL210004788-1a-AK11377-AK16262_HHJYYDSX2_L1",0.739926424388971,0.462758791980403,"LOGS"
"466","LOGS_04_EKDL210007862-1a-AK19264-AK18803_HLNT5DSX2_L2",2.6314340485532,0.771311721157719,"LOGS"
"467","LOGS_05_EKDL210004790-1a-AK11726-AK16225_HHJYYDSX2_L3",1.70671698487591,0.676562408284704,"LOGS"
"468","LOGS_06_EKDL210007862-1a-AK19272-AK18819_HLNT5DSX2_L2",2.28207804914768,0.751025040463943,"LOGS"
"469","LOGS_07_EKDL210004790-1a-GG04-AK5420_HHJYYDSX2_L3",1.26929279258386,0.616413964002621,"LOGS"
"470","LOGS_08_EKDL210004790-1a-AK11640-AK16265_HHJYYDSX2_L3",1.43570419567442,0.64521192206587,"LOGS"
"471","LOGS_09_EKDL210007862-1a-AK19268-AK18835_HLNT5DSX2_L2",1.61968731527748,0.674399062544313,"LOGS"
"472","LOGS_10_EKDL210007862-1a-AK19255-AK19666_HLNT5DSX2_L2",1.7865274125641,0.698842904893012,"LOGS"
"473","LOGS_11_EKDL210004789-1a-AK11381-AK16293_HHJYYDSX2_L2",2.00528028145508,0.721018239144421,"LOGS"
"474","LOGS_12_EKDL210004788-1a-AK11401-AK7949_HHJYYDSX2_L1",1.72799311845199,0.691835876813116,"LOGS"
"475","LOGS_12_EKDL210007862-1a-AK16169-AK16170_HLNT5DSX2_L2",1.62564244358805,0.681829679195003,"LOGS"
"476","LOGS_13_EKDL210004788-1a-AK11603-AK16257_HHJYYDSX2_L1",2.1281442925011,0.737445728100407,"LOGS"
"477","LOGS_14_EKDL210007862-1a-AK16185-AK16186_HLNT5DSX2_L2",0.702448794231538,0.449257354092002,"LOGS"
"478","LOGS_15_EKDL210004788-1a-AK11436-AK16240_HHJYYDSX2_L1",2.30387754949539,0.751283031274352,"LOGS"
"479","LOGS_16_EKDL210007862-1a-AK16201-AK16202_HLNT5DSX2_L2",1.48085165983585,0.655420767896516,"LOGS"
"480","LOGS_17_EKDL210007862-1a-AK16217-AK16218_HLNT5DSX2_L2",1.96058399441988,0.723984127139717,"LOGS"
"481","LOGS_18_EKDL210004789-1a-AK11685-AK16235_HHJYYDSX2_L2",1.85803933377453,0.709529469874516,"LOGS"
"482","LOGS_19_EKDL210007862-1a-AK19222-AK19679_HLNT5DSX2_L2",2.09016724457841,0.737681552969702,"LOGS"
"483","Lurida_01_EKDL210004788-1a-AK11677-AK5989_HHJYYDSX2_L1",0.318350997698278,0.0996491081409478,"Luri"
"484","Lurida_02_EKDL210004790-1a-AK11600-AK6934_HHJYYDSX2_L3",0.194556047426266,0.0784098094176695,"Luri"
"485","Lurida_03_EKDL210004789-1a-AK11591-AK16275_HHJYYDSX2_L2",0.131833080361798,0.0628995230976792,"Luri"
"486","Lurida_04_EKDL210007862-1a-AK19077-AK19672_HLNT5DSX2_L2",0.261800566969978,0.091338571221358,"Luri"
"487","Lurida_05_EKDL210004790-1a-AK11605-AK16247_HHJYYDSX2_L3",0.267736199275085,0.0904254766264993,"Luri"
"488","Lurida_06_EKDL210004790-1a-AK11426-AK5939_HHJYYDSX2_L3",0.195923963358678,0.0783615000193008,"Luri"
"489","Lurida_07_EKDL210004788-1a-AK12629-AK16244_HHJYYDSX2_L1",0.257183700944309,0.0906033332477967,"Luri"
"490","Lurida_08_EKDL210005548-1a-AK11473-AK16281_HHJKNDSX2_L4",0.1546056841708,0.0692449654286429,"Luri"
"491","Lurida_09_EKDL210004788-1a-AK11381-AK16293_HHJYYDSX2_L1",0.256987857512744,0.0910663636751111,"Luri"
"492","MOLU_01_EKDL210004788-1a-AK717-5UDI1548_HHJYYDSX2_L1",1.35083495365037,0.631172382066206,"MOLU"
"493","MOLU_02_EKDL210004788-1a-AK12626-AK16295_HHJYYDSX2_L1",0.960822585952946,0.53293756002744,"MOLU"
"494","MOLU_03_EKDL200012859-1a-AK11160-AK9453_HNLVYDSXY_L1",1.77037789056992,0.697697585354836,"MOLU"
"495","MOLU_04_EKDL210004788-1a-AK11714-AK16250_HHJYYDSX2_L1",1.70091156640348,0.681121220988048,"MOLU"
"496","MOLU_05_EKDL210005548-1a-AK11528-AK14283_HHJKNDSX2_L4",0.439042301331717,0.326454105927623,"MOLU"
"497","MOLU_06_EKDL200012859-1a-AK11449-AK16245_HNLVYDSXY_L1",0.906790617521675,0.52316632837754,"MOLU"
"498","MOLU_07_EKDL210004790-1a-AK11160-AK9453_HHJYYDSX2_L3",1.00925259757473,0.553662852485852,"MOLU"
"499","MOLU_08_EKDL210004788-1a-AK11171-AK16279_HHJYYDSX2_L1",1.49488746821923,0.658708328914955,"MOLU"
"500","MOLU_09_EKDL210009123-1a-AK31851-AK31852_HTVH3DSX2_L3",0.919988972875574,0.525491222107265,"MOLU"
"501","MOLU_10_EKDL210004789-1a-AK11495-AK16238_HHJYYDSX2_L2",2.25092941633734,0.738271401249068,"MOLU"
"502","MOLU_11_EKDL210004790-1a-AK11387-AK16228_HHJYYDSX2_L3",1.34445660503604,0.630853563111927,"MOLU"
"503","MOLU_12_EKDL210005548-1a-AK11524-AK16276_HHJKNDSX2_L4",1.21695386036623,0.60482118612354,"MOLU"
"504","MOLU_13_EKDL210004788-1a-AK11605-AK16247_HHJYYDSX2_L1",1.69327848450834,0.687229223202903,"MOLU"
"505","MOLU_14_EKDL210004788-1a-AK11460-AK16272_HHJYYDSX2_L1",0.652945709821768,0.429776391372876,"MOLU"
"506","MOLU_15_EKDL210004789-1a-GG04-AK5420_HHJYYDSX2_L2",0.84807772442724,0.500457181858677,"MOLU"
"507","MOLU_16_EKDL210009123-1a-AK19144-AK23752_HTVH3DSX2_L3",0.736877529489312,0.463202636398856,"MOLU"
"508","MOLU_17_EKDL210004789-1a-AK11158-AK16267_HHJYYDSX2_L2",0.75902336159544,0.468148722589342,"MOLU"
"509","MOLU_18_EKDL210009123-1a-AK19046-AK23753_HTVH3DSX2_L3",0.833064140487139,0.494441087886722,"MOLU"
"510","MOLU_19_EKDL210004789-1a-AK11433-AK13293_HHJYYDSX2_L2",1.06854524074248,0.563076289485648,"MOLU"
"511","MOLU_25_EKDL200012859-1a-AK11426-AK5939_HNLVYDSXY_L1",1.02236543225256,0.556474279299801,"MOLU"
"512","MORL_NS.1445.002.IDT_i7_101---IDT_i5_101.MLX1.1.5X",2.60693131379375,0.774120314880036,"MORL"
"513","MORL_NS.1445.002.IDT_i7_113---IDT_i5_113.MLX12.1.5X",4.36328858932166,0.82547574242556,"MORL"
"514","MORL_NS.1445.002.IDT_i7_126---IDT_i5_126.MLX14.1.5X",2.39714475687767,0.763011876799103,"MORL"
"515","MORL_NS.1445.002.IDT_i7_127---IDT_i5_127.MLX16.1.5X",2.69359887792099,0.776103261092531,"MORL"
"516","MORL_NS.1445.002.IDT_i7_128---IDT_i5_128.MLX7.1.5X",2.48375134485466,0.765317643955455,"MORL"
"517","MORL_NS.1445.002.IDT_i7_129---IDT_i5_129.MLX9.1.5X",2.274208790432,0.753562515125239,"MORL"
"518","MORL_NS.1445.002.IDT_i7_140---IDT_i5_140.MLX18.1.5X",2.59701587999371,0.771611989247085,"MORL"
"519","MORL_NS.1445.002.IDT_i7_149---IDT_i5_149.MLX2.1.5X",2.83276732082121,0.786412484140528,"MORL"
"520","MORL_NS.1445.002.IDT_i7_161---IDT_i5_161.MLX13.1.5X",2.54657070695849,0.770936725177918,"MORL"
"521","MORL_NS.1445.002.IDT_i7_162---IDT_i5_162.MLX4.1.5X",2.47062590402642,0.766324737523937,"MORL"
"522","MORL_NS.1445.002.IDT_i7_163---IDT_i5_163.MLX6.1.5X",3.18085769976359,0.797673406881456,"MORL"
"523","MORL_NS.1445.002.IDT_i7_165---IDT_i5_165.MLX10.1.5X",2.80986796325808,0.788849356661937,"MORL"
"524","MORL_NS.1445.002.IDT_i7_174---IDT_i5_174.MLX15.1.5X",3.18723796546419,0.7999423520044,"MORL"
"525","MORL_NS.1445.002.IDT_i7_175---IDT_i5_175.MLX17.1.5X",2.48586878192383,0.765418402259176,"MORL"
"526","MORL_NS.1445.002.IDT_i7_176---IDT_i5_176.MLX8.1.5X",2.77495275085416,0.779994875472157,"MORL"
"527","MORL_NS.1445.002.IDT_i7_188---IDT_i5_188.MLX19.1.5X",3.13221462123802,0.795779523000811,"MORL"
"528","MORL_NS.1445.002.IDT_i7_189---IDT_i5_189.MLX11.1.5X",3.93263742992252,0.820604375967696,"MORL"
"529","NELL_03_EKDL200012859-1a-AK11190-AK16270_HNLVYDSXY_L1",1.35626888982884,0.633447401263024,"NELL"
"530","NELL_05_EKDL200012859-1a-AK7016-AK16255_HNLVYDSXY_L1",0.914496192066829,0.522735176349448,"NELL"
"531","NELL_06_EKDL210004788-1a-AK11204-AK16254_HHJYYDSX2_L1",2.05902320345063,0.73437110346107,"NELL"
"532","NELL_07_EKDL210004790-1a-AK11490-AK14430_HHJYYDSX2_L3",2.00281366205452,0.699866845509062,"NELL"
"533","NELL_08_EKDL200012859-1a-AK11661-AK16241_HNLVYDSXY_L1",1.00999054161107,0.554090895222099,"NELL"
"534","NELL_09_EKDL210004790-1a-AK11572-AK16283_HHJYYDSX2_L3",1.10624785170588,0.540784444195186,"NELL"
"535","NELL_10_EKDL210004788-1a-AK11476-AK16258_HHJYYDSX2_L1",1.39055811134817,0.626708031000978,"NELL"
"536","NELL_11_EKDL210004789-1a-AK11630-AK16248_HHJYYDSX2_L2",1.69725207674251,0.687044735445699,"NELL"
"537","NELL_13_EKDL210004788-1a-AK8204-AK9482_HHJYYDSX2_L1",1.55502015044286,0.667551032554741,"NELL"
"538","NELL_14_EKDL210004790-1a-AK11467-AK14066_HHJYYDSX2_L3",1.40651696895594,0.642553316713019,"NELL"
"539","NELL_15_EKDL210007862-1a-AK19039-AK19677_HLNT5DSX2_L2",1.30373397549733,0.627226802593563,"NELL"
"540","NELL_17_EKDL210005548-1a-AK11593-AK16256_HHJKNDSX2_L4",1.97787288424559,0.728453526725288,"NELL"
"541","NELL_18_EKDL210004789-1a-AK11486-AK16237_HHJYYDSX2_L2",1.06726486279643,0.553021372247754,"NELL"
"542","NELL_19_EKDL210009123-1a-AK19095-AK23744_HTVH3DSX2_L3",2.89034048480997,0.784305024075225,"NELL"
"543","NELL_20_EKDL210009123-1a-AK19130-AK23745_HTVH3DSX2_L3",2.51892494313889,0.765073643792946,"NELL"
"544","NELL_21_EKDL210009123-1a-AK19011-AK22952_HTVH3DSX2_L3",1.17130034380679,0.596757878694682,"NELL"
"545","NELL_22_EKDL210009123-1a-AK18650-AK23751_HTVH3DSX2_L3",0.672418087026218,0.433027385580889,"NELL"
"546","NELL_23_EKDL210009123-1a-AK19099-AK34207_HTVH3DSX2_L3",1.21998512273771,0.60171044568425,"NELL"
"547","NELL_25_EKDL200012859-1a-AK4251-AK16229_HNLVYDSXY_L1",0.850343911044239,0.505371097134104,"NELL"
"548","NELL_32_EKDL200012859-1a-AK11631-AK349_HNLVYDSXY_L1",1.54481224625695,0.666417104818583,"NELL"
"549","NISS_02_EKDL210004790-1a-AK11629-AK16249_HHJYYDSX2_L3",1.47482796977532,0.617460899160422,"NISS"
"550","NISS_03_EKDL210005548-1a-AK11375-AK16261_HHJKNDSX2_L4",1.64503752668757,0.674565107818966,"NISS"
"551","NISS_04_EKDL200012859-1a-AK11598-AK16273_HNLVYDSXY_L1",1.03083820941015,0.549195469045293,"NISS"
"552","NISS_05_EKDL210004789-1a-AK2372-AK16292_HHJYYDSX2_L2",0.886989454847286,0.509719037384828,"NISS"
"553","NISS_06_EKDL210005548-1a-AK11171-AK16279_HHJKNDSX2_L4",1.22278888703532,0.605064367008624,"NISS"
"554","NISS_07_EKDL210005548-1a-AK11584-AK16263_HHJKNDSX2_L4",1.17957380346972,0.585728566730354,"NISS"
"555","NISS_08_EKDL210007862-1a-AK18996-AK19697_HLNT5DSX2_L2",1.04123959942022,0.562953552870494,"NISS"
"556","NISS_09_EKDL210005548-1a-GG04-AK5420_HHJKNDSX2_L4",1.08084944161029,0.568309439763775,"NISS"
"557","NISS_10_EKDL210007862-1a-AK15914-AK19705_HLNT5DSX2_L2",0.995724745855892,0.515403606027322,"NISS"
"558","NISS_12_EKDL200012859-1a-AK2372-AK16292_HNLVYDSXY_L1",1.1571412230996,0.593575756233356,"NISS"
"559","NISS_13_EKDL210007862-1a-AK18643-AK18817_HLNT5DSX2_L2",1.8769515373247,0.709697781855555,"NISS"
"560","NISS_16_EKDL200012859-1a-AK11572-AK16283_HNLVYDSXY_L1",1.07870071816563,0.568821287704617,"NISS"
"561","NISS_21_EKDL200012859-1a-AK11497-AK9485_HNLVYDSXY_L1",1.48102472898674,0.654191671123386,"NISS"
"562","NISS_26_EKDL200012859-1a-AK11473-AK16281_HNLVYDSXY_L1",0.833165502469117,0.497203234522653,"NISS"
"563","NISS_27_EKDL210007863-1a-AK34208-AK29626_HLNT5DSX2_L2",0.598902198086391,0.402782814336566,"NISS"
"564","NISS_31_EKDL200012859-1a-AK11603-AK16257_HNLVYDSXY_L1",1.22350618364897,0.605525515312127,"NISS"
"565","NISS_32_01_EKDL200012859-1a-AK11524-AK16276_HNLVYDSXY_L1",1.10090973835455,0.569150287608505,"NISS"
"566","NISS_38_EKDL200012859-1a-AK11528-AK14283_HNLVYDSXY_L1",0.307585347389517,0.246621682446931,"NISS"
"567","NISS_39_EKDL200012859-1a-AK12629-AK16244_HNLVYDSXY_L1",0.991514658646221,0.54768442080196,"NISS"
"568","NISS_42_EKDL200012859-1a-AK11584-AK16263_HNLVYDSXY_L1",1.09641849680933,0.575940147735578,"NISS"
"569","NISS_49_a_EKDL200012859-1a-AK11615-AK16297_HNLVYDSXY_L1",0.703411388100011,0.451709810365491,"NISS"
"570","ORIS_01_EKDL210009122-1a-AK31127-AK31128_HTVH3DSX2_L3",1.15644285144497,0.584742987643412,"ORIS"
"571","ORIS_02_EKDL210009122-1a-AK31117-AK31118_HTVH3DSX2_L3",0.0768775799976899,0.0671300491230003,"ORIS"
"572","ORIS_03_EKDL210009122-1a-AK18657-AK31242_HTVH3DSX2_L3",0.131115988858624,0.0623543411708399,"ORIS"
"573","ORIS_04_EKDL210009122-1a-AK31228-AK31229_HTVH3DSX2_L3",1.55514918955056,0.663097632769672,"ORIS"
"574","ORIS_05_EKDL210009122-1a-AK19049-AK31216_HTVH3DSX2_L3",0.815104347525441,0.486492142496109,"ORIS"
"575","ORIS_06_EKDL210009122-1a-AK19202-AK18625_HTVH3DSX2_L3",0.616471019741107,0.409155398874077,"ORIS"
"576","ORIS_07_EKDL210009122-1a-AK18647-AK31198_HTVH3DSX2_L3",1.11496880582559,0.577265693156791,"ORIS"
"577","ORIS_08_EKDL210009122-1a-AK19053-AK31180_HTVH3DSX2_L3",0.828097725028631,0.494735566260239,"ORIS"
"578","ORIS_09_EKDL210009122-1a-AK31171-AK31172_HTVH3DSX2_L3",1.0939109403417,0.572275197002162,"ORIS"
"579","ORIS_10_EKDL210009122-1a-AK31158-AK31159_HTVH3DSX2_L3",1.4955573644483,0.656982871224719,"ORIS"
"580","ORIS_11_EKDL210009122-1a-AK19066-AK31149_HTVH3DSX2_L3",0.866651553581552,0.508858573497994,"ORIS"
"581","ORIS_12_EKDL210009122-1a-AK31138-AK31139_HTVH3DSX2_L3",0.992923522134174,0.542701172280758,"ORIS"
"582","ORIS_13_EKDL210009122-1a-AK31125-AK31126_HTVH3DSX2_L3",1.03329649152696,0.554823416644202,"ORIS"
"583","ORNE_01_EKDL210007862-1a-AK19023-AK18833_HLNT5DSX2_L2",2.64412075641538,0.774043613964454,"ORNE"
"584","ORNE_02_EKDL210007862-1a-AK19060-AK18847_HLNT5DSX2_L2",1.93625864196207,0.703662612587904,"ORNE"
"585","ORNE_03_EKDL210007862-1a-AK19227-AK18822_HLNT5DSX2_L2",1.49928631321836,0.659002520599644,"ORNE"
"586","ORNE_04_EKDL210004789-1a-AK11379-AK16266_HHJYYDSX2_L2",1.29668318541649,0.615033692481054,"ORNE"
"587","ORNE_05_EKDL210004789-1a-AK11718-AK16243_HHJYYDSX2_L2",1.44206799891012,0.653422240262745,"ORNE"
"588","ORNE_06_EKDL210004789-1a-AK11629-AK16249_HHJYYDSX2_L2",1.06915954148107,0.567956420930005,"ORNE"
"589","ORNE_07_EKDL210005548-1a-AK11685-AK16235_HHJKNDSX2_L4",1.28343314915702,0.624796782634392,"ORNE"
"590","ORNE_08_EKDL210007862-1a-AK16183-AK16184_HLNT5DSX2_L2",1.27655565431515,0.614049474583345,"ORNE"
"591","ORNE_11_EKDL210007862-1a-AK16199-AK16200_HLNT5DSX2_L2",2.07609542061903,0.735958895739849,"ORNE"
"592","ORNE_12_EKDL200012859-1a-AK11475-AK16282_HNLVYDSXY_L1",0.685280087625657,0.431367012081681,"ORNE"
"593","ORNE_13_EKDL210004790-1a-AK7685-AK16294_HHJYYDSX2_L3",0.990945180424062,0.53221376979518,"ORNE"
"594","ORNE_14_EKDL210004790-1a-AK11714-AK16250_HHJYYDSX2_L3",2.19397951502726,0.736830393650367,"ORNE"
"595","ORNE_15_EKDL210004790-1a-AK11177-AK16280_HHJYYDSX2_L3",0.407513886236667,0.294129219155346,"ORNE"
"596","ORNE_16_EKDL210007862-1a-AK16215-AK16216_HLNT5DSX2_L2",1.58069361865738,0.653019092838489,"ORNE"
"597","OSTR_01_EKDL210004788-1a-AK11582-AK8205_HHJYYDSX2_L1",0.936345246461748,0.524066723589627,"OSTR"
"598","OSTR_02_EKDL210004788-1a-AK11486-AK16237_HHJYYDSX2_L1",1.56469818491571,0.659462948684871,"OSTR"
"599","OSTR_03_EKDL210005548-1a-AK11387-AK16228_HHJKNDSX2_L4",1.65756753696274,0.678916892730034,"OSTR"
"600","OSTR_04_EKDL210004788-1a-AK11379-AK16266_HHJYYDSX2_L1",2.21302662315173,0.736483505995157,"OSTR"
"601","OSTR_07_EKDL210004789-1a-AK11490-AK14430_HHJYYDSX2_L2",1.24854121798552,0.599876635932548,"OSTR"
"602","OSTR_08_EKDL210007862-1a-AK19187-AK18640_HLNT5DSX2_L2",1.65879867318891,0.683068123655497,"OSTR"
"603","OSTR_09_EKDL210007862-1a-AK19182-AK19692_HLNT5DSX2_L2",1.78903514034599,0.700966053596553,"OSTR"
"604","OSTR_10_EKDL210004789-1a-AK11479-AK16234_HHJYYDSX2_L2",1.42470781912846,0.641277656313328,"OSTR"
"605","OSTR_11_EKDL210004788-1a-AK11702-AK16286_HHJYYDSX2_L1",1.0908486631337,0.572738777499098,"OSTR"
"606","OSTR_12_EKDL210004789-1a-AK717-5UDI1548_HHJYYDSX2_L2",1.2017590343128,0.595457391741704,"OSTR"
"607","OSTR_13_EKDL210009122-1a-AK31188-AK31189_HTVH3DSX2_L3",1.16541448814066,0.584318111303695,"OSTR"
"608","OSTR_14_EKDL210009122-1a-AK19142-AK34060_HTVH3DSX2_L3",1.4608083732958,0.647085311191499,"OSTR"
"609","OSTR_15_EKDL210004790-1a-AK11476-AK16258_HHJYYDSX2_L3",2.03546324956371,0.724669597797332,"OSTR"
"610","OSTR_16_EKDL210004789-1a-AK11377-AK16262_HHJYYDSX2_L2",1.16000323301098,0.580402771675427,"OSTR"
"611","OSTR_16_EKDL210009122-1a-AK27189-AK31168_HTVH3DSX2_L3",0.696646380164967,0.444480161418024,"OSTR"
"612","OSTR_17_EKDL210005548-1a-AK11667-AK16287_HHJKNDSX2_L4",1.37273845911151,0.63741329834962,"OSTR"
"613","OSTR_18_EKDL210009123-1a-AK23735-AK23736_HTVH3DSX2_L3",1.75205895109195,0.691610126841871,"OSTR"
"614","OSTR_19_EKDL210004789-1a-AK11608-AK2002_HHJYYDSX2_L2",1.74321109987268,0.691210160964368,"OSTR"
"615","OSTR_20_EKDL210005548-1a-AK11476-AK16258_HHJKNDSX2_L4",1.69953933265772,0.684832964932168,"OSTR"
"616","OSTR_21_EKDL210009123-1a-AK23727-AK23728_HTVH3DSX2_L3",0.872899407501442,0.510451056518781,"OSTR"
"617","OSTR_22_EKDL210009123-1a-AK19141-AK23776_HTVH3DSX2_L3",2.676827478911,0.772932566560676,"OSTR"
"618","PONT_01_EKDL200012859-1a-AK11506-AK16290_HNLVYDSXY_L1",0.937963970833755,0.52502515231221,"PONT"
"619","PONT_02_EKDL210009123-1a-AK19083-AK31191_HTVH3DSX2_L3",0.603651622732986,0.405092625436959,"PONT"
"620","PONT_03_EKDL210004788-1a-AK7016-AK16255_HHJYYDSX2_L1",3.69518857213443,0.818620943782676,"PONT"
"621","PONT_03_EKDL210007862-1a-AK16197-AK16198_HLNT5DSX2_L2",0.858205877841521,0.509320584198785,"PONT"
"622","PONT_04_EKDL210009123-1a-AK19165-AK34206_HTVH3DSX2_L3",1.57415638849232,0.669148960332462,"PONT"
"623","PONT_05_EKDL210009123-1a-AK19126-AK23737_HTVH3DSX2_L3",1.05763535798291,0.545321257609865,"PONT"
"624","PONT_06_EKDL200012859-1a-AK11690-AK16231_HNLVYDSXY_L1",0.964927477008755,0.542702935533592,"PONT"
"625","PONT_07_EKDL210004788-1a-AK11528-AK14283_HHJYYDSX2_L1",1.65209845343281,0.673801592537562,"PONT"
"626","PONT_08_EKDL210004789-1a-AK11603-AK16257_HHJYYDSX2_L2",0.713690479685876,0.448040753921741,"PONT"
"627","PONT_09_EKDL200012859-1a-AK11519-AK16232_HNLVYDSXY_L1",1.09064928620392,0.578327836807312,"PONT"
"628","PONT_10_EKDL210004789-1a-AK11164-AK16239_HHJYYDSX2_L2",3.28332988407455,0.802792323315531,"PONT"
"629","PONT_10_EKDL210009123-1a-AK18982-AK23738_HTVH3DSX2_L3",1.06110645695604,0.554339291279974,"PONT"
"630","PONT_13_EKDL210004789-1a-AK11456-AK16260_HHJYYDSX2_L2",1.75756339291008,0.697309115000106,"PONT"
"631","PONT_15_EKDL200012859-1a-AK7685-AK16294_HNLVYDSXY_L1",1.10750125992456,0.568633295584378,"PONT"
"632","PONT_16_EKDL200012859-1a-AK11485-AK16252_HNLVYDSXY_L1",1.13908939836267,0.588142427228985,"PONT"
"633","PONT_17_EKDL210004788-1a-AK11665-AK16278_HHJYYDSX2_L1",1.47499560232765,0.655010358854012,"PONT"
"634","PONT_19_EKDL210004789-1a-AK11426-AK5939_HHJYYDSX2_L2",1.26909599585357,0.611326816420006,"PONT"
"635","PONT_20_EKDL210004788-1a-AK11208-AK16233_HHJYYDSX2_L1",2.20181289918123,0.746252072371276,"PONT"
"636","PONT_20_EKDL210007862-1a-AK16213-AK16214_HLNT5DSX2_L2",1.27734947353848,0.621329563283563,"PONT"
"637","RAMS_02_EKDL200012859-1a-AK11629-AK16249_HNLVYDSXY_L1",1.42401900726389,0.648838980927081,"RAMS"
"638","RAMS_03_EKDL210005548-1a-AK11526-AK16296_HHJKNDSX2_L4",1.40823141476531,0.649247770061165,"RAMS"
"639","RAMS_04_EKDL200012859-1a-AK11702-AK16286_HNLVYDSXY_L1",1.42513648652035,0.645078427627245,"RAMS"
"640","RAMS_05_EKDL210004790-1a-AK11591-AK16275_HHJYYDSX2_L3",1.27224408741839,0.621376765550278,"RAMS"
"641","RAMS_06_EKDL210004788-1a-AK11398-AK16264_HHJYYDSX2_L1",1.49586680308398,0.661957686898924,"RAMS"
"642","RAMS_08_EKDL200012859-1a-AK12626-AK16295_HNLVYDSXY_L1",1.2864735261357,0.621451153143404,"RAMS"
"643","RAMS_09_EKDL200012859-1a-AK11464-AK16277_HNLVYDSXY_L1",1.45746983877055,0.644417217137672,"RAMS"
"644","RAMS_10_EKDL210005548-1a-AK11428-AK16253_HHJKNDSX2_L4",2.77471960174813,0.785138385379171,"RAMS"
"645","RAMS_11_EKDL210004790-1a-AK11685-AK16235_HHJYYDSX2_L3",2.33574066564009,0.750624673688241,"RAMS"
"646","RAMS_12_EKDL210009123-1a-AK23717-AK23718_HTVH3DSX2_L3",2.54598636170639,0.768845599383416,"RAMS"
"647","RAMS_13_EKDL210009123-1a-AK18658-AK23719_HTVH3DSX2_L3",1.05420311233828,0.56527951177741,"RAMS"
"648","RAMS_14_EKDL210005548-1a-AK11379-AK16266_HHJKNDSX2_L4",1.7922685381532,0.709108899694232,"RAMS"
"649","RAMS_15_EKDL210009123-1a-AK18980-AK23720_HTVH3DSX2_L3",1.42945707945368,0.646290990845875,"RAMS"
"650","RAMS_16_EKDL210005548-1a-AK11631-AK349_HHJKNDSX2_L4",2.37337050658827,0.758305154803,"RAMS"
"651","RAMS_17_EKDL210009123-1a-AK19056-AK23721_HTVH3DSX2_L3",0.656663549982364,0.43170917286743,"RAMS"
"652","RAMS_18_EKDL210009122-1a-AK31154-AK31155_HTVH3DSX2_L3",0.817127553706667,0.49263355794428,"RAMS"
"653","RAMS_19_EKDL210009122-1a-AK31142-AK31143_HTVH3DSX2_L3",0.713649533295737,0.45464277925781,"RAMS"
"654","RAMS_20_EKDL210009122-1a-AK31132-AK31133_HTVH3DSX2_L3",0.671776917950278,0.435627414346034,"RAMS"
"655","RIAE_03_EKDL200012859-1a-AK11605-AK16247_HNLVYDSXY_L1",0.87970326643427,0.502632879692121,"RIAE"
"656","RIAE_05_EKDL210004789-1a-AK11524-AK16276_HHJYYDSX2_L2",2.08379168710015,0.735398167353785,"RIAE"
"657","RIAE_06_EKDL210004789-1a-AK11476-AK16258_HHJYYDSX2_L2",1.15305849798491,0.58254090278375,"RIAE"
"658","RIAE_07_EKDL210004788-1a-AK11473-AK16281_HHJYYDSX2_L1",1.43735286038214,0.648759907253554,"RIAE"
"659","RIAE_08_EKDL210009123-1a-AK23739-AK23740_HTVH3DSX2_L3",0.730586023116103,0.460250721570433,"RIAE"
"660","RIAE_09_EKDL210004788-1a-AK2372-AK16292_HHJYYDSX2_L1",2.39236089693995,0.757268729238099,"RIAE"
"661","RIAE_10_EKDL210005548-1a-AK11608-AK2002_HHJKNDSX2_L4",1.48234644606332,0.663104913034348,"RIAE"
"662","RIAE_11_EKDL210005548-1a-AK11158-AK16267_HHJKNDSX2_L4",1.44890134949886,0.656063819096161,"RIAE"
"663","RIAE_12_EKDL210009123-1a-AK19131-AK23741_HTVH3DSX2_L3",0.665458983762089,0.434974585425783,"RIAE"
"664","RIAE_13_EKDL200012859-1a-AK11512-AK16284_HNLVYDSXY_L1",1.50234959034081,0.661971464278306,"RIAE"
"665","RIAE_14_EKDL200012859-1a-AK11685-AK16235_HNLVYDSXY_L1",1.18619384008967,0.599724998519619,"RIAE"
"666","RIAE_15_EKDL210004788-1a-AK11186-AK1268_HHJYYDSX2_L1",1.8669823610234,0.710385273319788,"RIAE"
"667","RIAE_16_EKDL210004790-1a-AK11698-AK16226_HHJYYDSX2_L3",1.79200611298882,0.685047021262343,"RIAE"
"668","RIAE_17_EKDL210004790-1a-AK11456-AK16260_HHJYYDSX2_L3",2.00965878320133,0.720471373212066,"RIAE"
"669","RIAE_18_EKDL210005548-1a-AK11204-AK16254_HHJKNDSX2_L4",2.54880203291357,0.775268960474781,"RIAE"
"670","RIAE_19_EKDL210009123-1a-AK18983-AK23742_HTVH3DSX2_L3",1.33310081043541,0.618632992638196,"RIAE"
"671","RIAE_20_EKDL210009123-1a-AK19068-AK23743_HTVH3DSX2_L3",0.930709000037177,0.531294633757696,"RIAE"
"672","RIAE_21_EKDL210004788-1a-AK11449-AK16245_HHJYYDSX2_L1",1.51275670247337,0.66625109916759,"RIAE"
"673","RIAE_22_EKDL210004788-1a-AK11572-AK16283_HHJYYDSX2_L1",1.21636092610333,0.604050158662513,"RIAE"
"674","RYAN_01_EKDL210007862-1a-AK19002-AK19680_HLNT5DSX2_L2",1.76435894485953,0.701006441759289,"RYAN"
"675","RYAN_02_EKDL210007862-1a-AK18661-AK19687_HLNT5DSX2_L2",1.78393292761486,0.698826028710401,"RYAN"
"676","RYAN_03_EKDL210007862-1a-AK19203-AK19694_HLNT5DSX2_L2",0.749998725924634,0.462065324336042,"RYAN"
"677","RYAN_04_EKDL210007862-1a-AK18635-AK19700_HLNT5DSX2_L2",1.57090524860935,0.643837048685167,"RYAN"
"678","RYAN_05_EKDL210007862-1a-AK19106-AK18807_HLNT5DSX2_L2",2.37157806277046,0.743519634156526,"RYAN"
"679","RYAN_06_EKDL210007862-1a-AK19252-AK18823_HLNT5DSX2_L2",2.07384092531243,0.735341355184315,"RYAN"
"680","RYAN_07_EKDL210007862-1a-AK19215-AK18836_HLNT5DSX2_L2",1.59183652699096,0.674378796208038,"RYAN"
"681","RYAN_08_EKDL210007862-1a-AK19286-AK19668_HLNT5DSX2_L2",0.957029338472531,0.526095387347018,"RYAN"
"682","RYAN_09_EKDL210007862-1a-AK16173-AK16174_HLNT5DSX2_L2",1.38672141186432,0.625376579323741,"RYAN"
"683","RYAN_10_EKDL210007862-1a-AK16189-AK16190_HLNT5DSX2_L2",1.29271277939085,0.614567278892485,"RYAN"
"684","RYAN_11_EKDL210007862-1a-AK16205-AK16206_HLNT5DSX2_L2",1.55865476110739,0.670941075506077,"RYAN"
"685","RYAN_12_EKDL210007862-1a-AK19197-AK19673_HLNT5DSX2_L2",2.03954930073532,0.735259730446376,"RYAN"
"686","RYAN_13_EKDL210007862-1a-AK19220-AK19681_HLNT5DSX2_L2",3.14807274035338,0.798203961851045,"RYAN"
"687","RYAN_14_EKDL210007862-1a-AK19209-AK19688_HLNT5DSX2_L2",1.8401700400853,0.672519240401074,"RYAN"
"688","RYAN_15_EKDL210007862-1a-AK19258-AK19695_HLNT5DSX2_L2",1.15496539940314,0.577929103924851,"RYAN"
"689","RYAN_16_EKDL210007863-1a-AK19136-AK23714_HLNT5DSX2_L2",1.89863898779103,0.673566000748615,"RYAN"
"690","RYAN_17_EKDL210007863-1a-AK19090-AK23691_HLNT5DSX2_L2",1.39091767624341,0.58050005008955,"RYAN"
"691","RYAN_18_EKDL210007863-1a-AK27221-AK31193_HLNT5DSX2_L2",0.823390302626159,0.460711512095602,"RYAN"
"692","RYAN_19_EKDL210007863-1a-AK18987-AK34204_HLNT5DSX2_L2",0.615536591301975,0.370448364277603,"RYAN"
"693","RYAN_20_EKDL210007863-1a-AK23715-AK23716_HLNT5DSX2_L2",1.92538661727831,0.692815738439117,"RYAN"
"694","SVAL_01_EKDL210004789-1a-AK11584-AK16263_HHJYYDSX2_L2",2.90338367741039,0.787801455386092,"SVAL"
"695","SVAL_02_EKDL200012859-1a-AK11440-AK16251_HNLVYDSXY_L1",1.94599947177725,0.720428322106352,"SVAL"
"696","SVAL_04_EKDL210005548-1a-AK11690-AK16231_HHJKNDSX2_L4",1.17247281021323,0.596164726501381,"SVAL"
"697","SVAL_05_EKDL200012859-1a-AK11726-AK16225_HNLVYDSXY_L1",1.48261197585762,0.658135412757484,"SVAL"
"698","SVAL_06_EKDL200012859-1a-AK11698-AK16226_HNLVYDSXY_L1",0.891318767316627,0.51713215086677,"SVAL"
"699","SVAL_07_EKDL210004790-1a-AK11675-AK16223_HHJYYDSX2_L3",1.80930742250107,0.702383701882757,"SVAL"
"700","SVAL_08_EKDL210004788-1a-AK11690-AK16231_HHJYYDSX2_L1",1.22464602696417,0.608473971228182,"SVAL"
"701","SVAL_09_EKDL210004788-1a-AK11168-AK16259_HHJYYDSX2_L1",1.94109161425993,0.716233782521391,"SVAL"
"702","SVAL_10_EKDL210005548-1a-AK12637-AK16268_HHJKNDSX2_L4",1.32520473466067,0.632441327421065,"SVAL"
"703","SVAL_11_EKDL210004790-1a-AK11692-AK16230_HHJYYDSX2_L3",1.0017525929043,0.550403165546253,"SVAL"
"704","SVAL_13_EKDL210004788-1a-AK11630-AK16248_HHJYYDSX2_L1",2.61858063346875,0.774330710683343,"SVAL"
"705","SVAL_14_EKDL210005548-1a-AK11603-AK16257_HHJKNDSX2_L4",1.24569730559784,0.615297413571823,"SVAL"
"706","SVAL_17_EKDL210005548-1a-AK11512-AK16284_HHJKNDSX2_L4",1.06857116626941,0.57270234354447,"SVAL"
"707","SVAL_18_EKDL210005548-1a-AK11605-AK16247_HHJKNDSX2_L4",1.66616628006342,0.684896735715434,"SVAL"
"708","SVAL_19_EKDL210005548-1a-AK717-5UDI1548_HHJKNDSX2_L4",0.537550879735526,0.37761183705261,"SVAL"
"709","SVAL_20_EKDL210005548-1a-AK11665-AK16278_HHJKNDSX2_L4",1.18607714142104,0.600893624927213,"SVAL"
"710","SYDK_01_EKDL210005548-1a-AK11381-AK16293_HHJKNDSX2_L4",1.31983247503822,0.626845274537004,"SYDK"
"711","SYDK_02_EKDL210007863-1a-AK19126-AK23737_HLNT5DSX2_L2",1.16988013163671,0.594798098337995,"SYDK"
"712","SYDK_03_EKDL210004790-1a-AK11475-AK16282_HHJYYDSX2_L3",1.54036444739295,0.670906178716345,"SYDK"
"713","SYDK_04_EKDL210007863-1a-AK18982-AK23738_HLNT5DSX2_L2",1.17124832027288,0.593999410066646,"SYDK"
"714","SYDK_05_EKDL210007863-1a-AK23739-AK23740_HLNT5DSX2_L2",1.01577733463273,0.556836857924052,"SYDK"
"715","SYDK_06_EKDL210004788-1a-AK11246-AK16274_HHJYYDSX2_L1",1.15882683686979,0.592653935110261,"SYDK"
"716","SYDK_07_EKDL210004788-1a-AK11471-AK16271_HHJYYDSX2_L1",0.980717601925638,0.547098129328708,"SYDK"
"717","SYDK_08_EKDL210005548-1a-AK7016-AK16255_HHJKNDSX2_L4",1.99096945108091,0.731759124666473,"SYDK"
"718","SYDK_09_EKDL210004788-1a-AK11495-AK16238_HHJYYDSX2_L1",1.48970626106234,0.652094411819521,"SYDK"
"719","SYDK_10_EKDL210004790-1a-AK11690-AK16231_HHJYYDSX2_L3",1.57939509074438,0.669146045662708,"SYDK"
"720","SYDK_11_EKDL210004790-1a-AK11702-AK16286_HHJYYDSX2_L3",1.46125561952186,0.658101028744519,"SYDK"
"721","SYDK_12_EKDL210005548-1a-AK11475-AK16282_HHJKNDSX2_L4",0.979154590749605,0.545538605034557,"SYDK"
"722","SYDK_13_EKDL210004788-1a-AK11718-AK16243_HHJYYDSX2_L1",1.22592818914057,0.604938692415681,"SYDK"
"723","SYDK_14_EKDL210004790-1a-AK11667-AK16287_HHJYYDSX2_L3",0.655273182585585,0.430585998293136,"SYDK"
"724","SYDK_15_EKDL210004789-1a-AK11656-AK574_HHJYYDSX2_L2",1.00387915273896,0.544500754183327,"SYDK"
"725","THIS_01_EKDL210009122-1a-AK34084-AK34085_HTVH3DSX2_L3",0.575521627496933,0.393811337300607,"THIS"
"726","THIS_02_EKDL210009122-1a-AK31224-AK31225_HTVH3DSX2_L3",1.17681124078562,0.594383224641421,"THIS"
"727","THIS_04_EKDL210009122-1a-AK19154-AK31214_HTVH3DSX2_L3",1.85216809224673,0.711315880406609,"THIS"
"728","THIS_05_EKDL210009122-1a-AK19153-AK31203_HTVH3DSX2_L3",0.947251781022037,0.528228454784776,"THIS"
"729","THIS_08_EKDL210009122-1a-AK31186-AK31187_HTVH3DSX2_L3",1.4101699148863,0.640374834734816,"THIS"
"730","THIS_09_EKDL210009122-1a-AK19123-AK31179_HTVH3DSX2_L3",1.07913609127886,0.56918518672904,"THIS"
"731","THIS_10_EKDL210009122-1a-AK31166-AK31167_HTVH3DSX2_L3",1.08526684213564,0.571667917808956,"THIS"
"732","THIS_11_EKDL210009122-1a-AK27218-AK31156_HTVH3DSX2_L3",1.52781724278042,0.65862277677315,"THIS"
"733","THIS_12_EKDL210009122-1a-AK31144-AK31145_HTVH3DSX2_L3",0.864544927943865,0.508960232657261,"THIS"
"734","THIS_14_EKDL210009122-1a-AK19194-AK31134_HTVH3DSX2_L3",1.24172181958559,0.609237362977002,"THIS"
"735","THIS_15_EKDL210009122-1a-AK27188-AK34063_HTVH3DSX2_L3",1.18230932999931,0.594311328677217,"THIS"
"736","THIS_17_EKDL210009122-1a-AK19160-AK34065_HTVH3DSX2_L3",1.10438560032456,0.576657847578339,"THIS"
"737","THIS_18_EKDL210009122-1a-AK19148-AK31235_HTVH3DSX2_L3",1.27198472376474,0.616184076855196,"THIS"
"738","THIS_19_EKDL210009122-1a-AK31222-AK31223_HTVH3DSX2_L3",1.28745224333716,0.613320296698837,"THIS"
"739","THIS_20_EKDL210009122-1a-AK31212-AK31213_HTVH3DSX2_L3",1.01213712770903,0.551692633625771,"THIS"
"740","THIS_21_EKDL210009122-1a-AK19261-AK31202_HTVH3DSX2_L3",1.54706834632183,0.664173447748017,"THIS"
"741","THIS_23_EKDL210009122-1a-AK31184-AK31185_HTVH3DSX2_L3",1.25077848865418,0.614466890021116,"THIS"
"742","THIS_24_EKDL210009122-1a-AK19183-AK31178_HTVH3DSX2_L3",0.932537671532628,0.533410045359079,"THIS"
"743","THIS_26_EKDL210009122-1a-AK31164-AK31165_HTVH3DSX2_L3",1.1909739987112,0.599484403660998,"THIS"
"744","TOLL_01_EKDL210004788-1a-AK11190-AK16270_HHJYYDSX2_L1",1.85356963001935,0.709917476399353,"TOLL"
"745","TOLL_02_EKDL210004789-1a-AK11598-AK16273_HHJYYDSX2_L2",1.7040268833754,0.68751509974617,"TOLL"
"746","TOLL_03_EKDL210004788-1a-AK11164-AK16239_HHJYYDSX2_L1",1.49160714784195,0.65253725632328,"TOLL"
"747","TOLL_04_EKDL200012859-1a-AK11674-AK2690_HNLVYDSXY_L1",0.784107955806186,0.483338605008685,"TOLL"
"748","TOLL_05_EKDL210009122-1a-AK31136-AK31137_HTVH3DSX2_L3",1.07622334793362,0.568406200739525,"TOLL"
"749","TOLL_06_EKDL210004790-1a-AK11460-AK16272_HHJYYDSX2_L3",1.62134625300203,0.681852574677606,"TOLL"
"750","TOLL_07_EKDL210004790-1a-AK11449-AK16245_HHJYYDSX2_L3",2.39459481474845,0.758066297558374,"TOLL"
"751","TOLL_08_EKDL210004789-1a-AK11200-AK15590_HHJYYDSX2_L2",0.978062997397123,0.541918529260579,"TOLL"
"752","TOLL_09_EKDL200012859-1a-AK11168-AK16259_HNLVYDSXY_L1",1.16890421722624,0.591230525077849,"TOLL"
"753","TOLL_11_EKDL200012859-1a-AK11208-AK16233_HNLVYDSXY_L1",0.982144624703558,0.542222512650695,"TOLL"
"754","TOLL_12_EKDL210005548-1a-AK11200-AK15590_HHJKNDSX2_L4",1.32578872213422,0.631759173496806,"TOLL"
"755","TOLL_13_EKDL210009122-1a-AK31123-AK31124_HTVH3DSX2_L3",0.776222727590304,0.470661387012974,"TOLL"
"756","TOLL_14_EKDL210009122-1a-AK31113-AK31114_HTVH3DSX2_L3",0.740367331994899,0.46385587554052,"TOLL"
"757","TOLL_15_EKDL210004790-1a-AK12629-AK16244_HHJYYDSX2_L3",1.43964300882484,0.630814768053372,"TOLL"
"758","TOLL_16_EKDL210009122-1a-AK31238-AK31239_HTVH3DSX2_L3",0.848701093157022,0.504462257421001,"TOLL"
"759","TOLL_17_EKDL210009123-1a-AK23698-AK23699_HTVH3DSX2_L3",1.60968087642132,0.672244100704047,"TOLL"
"760","TOLL_18_EKDL210009123-1a-AK19057-AK23700_HTVH3DSX2_L3",1.50314621002424,0.652377789741455,"TOLL"
"761","TOLL_19_EKDL210009123-1a-AK19152-AK23701_HTVH3DSX2_L3",1.69525101552544,0.688713392620482,"TOLL"
"762","TOLL_20_EKDL210009123-1a-AK19092-AK23692_HTVH3DSX2_L3",0.731116672483374,0.461737875581871,"TOLL"
"763","TRAL_01_EKDL210007862-1a-AK18990-AK19689_HLNT5DSX2_L2",1.61752342529436,0.662419197642368,"TRAL"
"764","TRAL_02_EKDL210007862-1a-AK19283-AK18812_HLNT5DSX2_L2",1.02057554532709,0.554730398938844,"TRAL"
"765","TRAL_03_EKDL210007862-1a-AK19000-AK19702_HLNT5DSX2_L2",1.52440114843846,0.655559922691397,"TRAL"
"766","TRAL_04_EKDL210007862-1a-AK19275-AK18811_HLNT5DSX2_L2",2.72786247225514,0.77375093846743,"TRAL"
"767","TRAL_05_EKDL210007862-1a-AK19012-AK18827_HLNT5DSX2_L2",2.07743804500301,0.730140202176388,"TRAL"
"768","TRAL_06_EKDL210007862-1a-AK18659-AK18841_HLNT5DSX2_L2",1.61702886142715,0.677144728068823,"TRAL"
"769","TRAL_07_EKDL210007862-1a-AK19047-AK19670_HLNT5DSX2_L2",1.77010161460611,0.702524110649912,"TRAL"
"770","TRAL_08_EKDL210007862-1a-AK16177-AK16178_HLNT5DSX2_L2",0.281144470286635,0.226774629748108,"TRAL"
"771","TRAL_09_EKDL210007862-1a-AK16193-AK16194_HLNT5DSX2_L2",1.71026128506317,0.692443760849825,"TRAL"
"772","TRAL_10_EKDL210007862-1a-AK16209-AK16210_HLNT5DSX2_L2",0.352882977061754,0.270622634841203,"TRAL"
"773","TRAL_11_EKDL210007862-1a-AK19067-AK19675_HLNT5DSX2_L2",0.641010123193459,0.410760857477848,"TRAL"
"774","TRAL_12_EKDL210007862-1a-AK19035-AK19683_HLNT5DSX2_L2",1.77868338829201,0.675433975417755,"TRAL"
"775","TRAL_13_EKDL210007862-1a-AK15922-AK19690_HLNT5DSX2_L2",0.820522597396745,0.475364886673264,"TRAL"
"776","TRAL_14_EKDL210007862-1a-AK19175-AK15923_HLNT5DSX2_L2",0.983011562396892,0.522849814587904,"TRAL"
"777","TRAL_15_EKDL210007862-1a-AK19031-AK19703_HLNT5DSX2_L2",1.44740580576045,0.632991237382768,"TRAL"
"778","TRAL_16_EKDL210007863-1a-AK19117-AK23768_HLNT5DSX2_L2",4.53975955261098,0.836502448551595,"TRAL"
"779","TRAL_17_EKDL210007863-1a-AK18631-AK23769_HLNT5DSX2_L2",1.40250228465663,0.601752546987544,"TRAL"
"780","TRAL_18_EKDL210007863-1a-AK23770-AK23771_HLNT5DSX2_L2",1.42206366009607,0.646937674602747,"TRAL"
"781","TRAL_19_EKDL210007863-1a-AK19052-AK23772_HLNT5DSX2_L2",1.64894903680598,0.685679907828003,"TRAL"
"782","TRAL_20_EKDL210007863-1a-AK19155-AK23773_HLNT5DSX2_L2",1.27566835472251,0.603616036025383,"TRAL"
"783","USAM_NS.1445.002.IDT_i7_103---IDT_i5_103.USA-15.1.5X",2.50366393974726,0.766217059064678,"USAM"
"784","USAM_NS.1445.002.IDT_i7_104---IDT_i5_104.USA-17.1.5X",2.50842726996757,0.767241684936951,"USAM"
"785","USAM_NS.1445.002.IDT_i7_125---IDT_i5_125.USA-1.1.5X",2.76570004373287,0.781742050423836,"USAM"
"786","USAM_NS.1445.002.IDT_i7_137---IDT_i5_137.USA-12.1.5X",2.46216828641381,0.7625370058901,"USAM"
"787","USAM_NS.1445.002.IDT_i7_138---IDT_i5_138.USA-3.1.5X",3.03059593054667,0.79186487795198,"USAM"
"788","USAM_NS.1445.002.IDT_i7_139---IDT_i5_139.USA-5.1.5X",2.5338294011912,0.769347458665936,"USAM"
"789","USAM_NS.1445.002.IDT_i7_141---IDT_i5_141.USA-9.1.5X",2.67275258412971,0.778589610744852,"USAM"
"790","USAM_NS.1445.002.IDT_i7_150---IDT_i5_150.USA-14.1.5X",2.52385486637238,0.763423184366349,"USAM"
"791","USAM_NS.1445.002.IDT_i7_151---IDT_i5_151.USA-16.1.5X",2.71496218471182,0.779861318101837,"USAM"
"792","USAM_NS.1445.002.IDT_i7_152---IDT_i5_152.USA-7.1.5X",3.12039476366421,0.798317382244682,"USAM"
"793","USAM_NS.1445.002.IDT_i7_164---IDT_i5_164.USA-18.1.5X",2.2886694495163,0.751539523378121,"USAM"
"794","USAM_NS.1445.002.IDT_i7_173---IDT_i5_173.USA-2.1.5X",2.76777285873536,0.782300224249283,"USAM"
"795","USAM_NS.1445.002.IDT_i7_177---IDT_i5_177.USA-10.1.5X",2.52052614802639,0.764759923471284,"USAM"
"796","USAM_NS.1445.002.IDT_i7_185---IDT_i5_185.USA-13.1.5X",2.45330599819821,0.762128805283895,"USAM"
"797","USAM_NS.1445.002.IDT_i7_186---IDT_i5_186.USA-4.1.5X",2.87697445261895,0.784842648371774,"USAM"
"798","USAM_NS.1445.002.IDT_i7_187---IDT_i5_187.USA-6.1.5X",2.46909899116912,0.762021573173503,"USAM"
"799","VADE_01_EKDL210004788-1a-AK11629-AK16249_HHJYYDSX2_L1",1.66651461631324,0.680044945676016,"VADE"
"800","VADE_02_EKDL210005548-1a-AK11630-AK16248_HHJKNDSX2_L4",0.0394624526665618,0.0185488347830335,"VADE"
"801","VADE_03_EKDL210007863-1a-AK23774-AK23775_HLNT5DSX2_L2",0.747479107548839,0.465459655965784,"VADE"
"802","VADE_04_EKDL210007863-1a-AK19141-AK23776_HLNT5DSX2_L2",0.825752457745782,0.492774957302914,"VADE"
"803","VADE_05_EKDL210004788-1a-AK11591-AK16275_HHJYYDSX2_L1",1.83623614259997,0.706285781570017,"VADE"
"804","VADE_06_EKDL210007863-1a-AK18999-AK23777_HLNT5DSX2_L2",1.18916267072453,0.592434418872929,"VADE"
"805","VADE_07_EKDL210004788-1a-AK11692-AK16230_HHJYYDSX2_L1",1.50174324113796,0.661870719959405,"VADE"
"806","VADE_08_EKDL210004789-1a-AK11440-AK16251_HHJYYDSX2_L2",1.13869494833164,0.580026979726237,"VADE"
"807","VAGS_01_EKDL210004788-1a-AK11640-AK16265_HHJYYDSX2_L1",2.03970735018864,0.730341763069097,"VAGS"
"808","VAGS_02_EKDL210007863-1a-AK18993-AK23693_HLNT5DSX2_L2",1.69422683250598,0.687673571074908,"VAGS"
"809","VAGS_03_EKDL210005548-1a-AK11653-AK16291_HHJKNDSX2_L4",1.1255239356332,0.584583692375643,"VAGS"
"810","VAGS_04_EKDL210004788-1a-AK11490-AK14430_HHJYYDSX2_L1",1.48347019168488,0.657520628377067,"VAGS"
"811","VAGS_05_EKDL210007863-1a-AK18646-AK23694_HLNT5DSX2_L2",1.36794008059887,0.635502008028571,"VAGS"
"812","VAGS_06_EKDL210007863-1a-AK19132-AK15917_HLNT5DSX2_L2",2.05526030536263,0.725807461095169,"VAGS"
"813","VAGS_08_EKDL210004788-1a-AK11177-AK16280_HHJYYDSX2_L1",1.70257987046196,0.691313720893874,"VAGS"
"814","VAGS_09_EKDL210007863-1a-AK19076-AK23695_HLNT5DSX2_L2",1.45643407981591,0.654360558812885,"VAGS"
"815","VAGS_10_EKDL210005548-1a-AK11246-AK16274_HHJKNDSX2_L4",1.33032672192775,0.633642329854425,"VAGS"
"816","VAGS_11_EKDL210007863-1a-AK19111-AK23696_HLNT5DSX2_L2",1.61954953798772,0.677635641898192,"VAGS"
"817","VAGS_12_EKDL210004790-1a-AK11603-AK16257_HHJYYDSX2_L3",1.63548794512556,0.683354391773749,"VAGS"
"818","VAGS_13_EKDL210007863-1a-AK19009-AK23697_HLNT5DSX2_L2",2.09601522818292,0.73452485724356,"VAGS"
"819","VAGS_14_EKDL210005548-1a-AK11506-AK16290_HHJKNDSX2_L4",0.745275315375385,0.469347753162956,"VAGS"
"820","VAGS_15_EKDL210004789-1a-AK11190-AK16270_HHJYYDSX2_L2",3.53326608444761,0.808296354912723,"VAGS"
"821","VAGS_16_EKDL210005548-1a-AK11416-AK16269_HHJKNDSX2_L4",1.31446905615353,0.629705014245527,"VAGS"
"822","VAGS_17_EKDL210004790-1a-AK11582-AK8205_HHJYYDSX2_L3",1.67746442923223,0.683396338078612,"VAGS"
"823","VAGS_18_EKDL210005548-1a-AK11591-AK16275_HHJKNDSX2_L4",1.07993221100456,0.575557375029959,"VAGS"
"824","VAGS_19_EKDL210004790-1a-AK11497-AK9485_HHJYYDSX2_L3",1.41260360352995,0.644520525340403,"VAGS"
"825","VAGS_20_EKDL210004789-1a-AK4251-AK16229_HHJYYDSX2_L2",1.23894803408259,0.605266636465591,"VAGS"
"826","VAGS_21_EKDL210007863-1a-AK23698-AK23699_HLNT5DSX2_L2",0.920719535257183,0.507679755652175,"VAGS"
"827","VAGS_22_EKDL210007863-1a-AK19057-AK23700_HLNT5DSX2_L2",0.775546123309227,0.472253621803191,"VAGS"
"828","VENO_01_EKDL210007862-1a-AK19025-AK19686_HLNT5DSX2_L2",2.02112993858938,0.730708907737369,"VENO"
"829","VENO_02_EKDL210007862-1a-AK19211-AK18820_HLNT5DSX2_L2",1.37750935395458,0.636899056673602,"VENO"
"830","VENO_03_EKDL210004790-1a-AK11204-AK16254_HHJYYDSX2_L3",1.27550636271516,0.614849744304856,"VENO"
"831","VENO_04_EKDL210004789-1a-AK11387-AK16228_HHJYYDSX2_L2",2.16438931686046,0.740474857786579,"VENO"
"832","VENO_05_EKDL210004789-1a-AK11246-AK16274_HHJYYDSX2_L2",1.49562203492166,0.65959044130453,"VENO"
"833","VENO_07_EKDL210004789-1a-AK11436-AK16240_HHJYYDSX2_L2",1.79583117010987,0.705131094532647,"VENO"
"834","VENO_08_EKDL200012859-1a-AK11204-AK16254_HNLVYDSXY_L1",0.680226289179261,0.433251090272078,"VENO"
"835","VENO_09_EKDL210004788-1a-AK11685-AK16235_HHJYYDSX2_L1",1.48201888659625,0.657429255053566,"VENO"
"836","VENO_10_EKDL210007862-1a-AK19263-AK18805_HLNT5DSX2_L2",1.40364921361443,0.638179436950343,"VENO"
"837","VENO_11_EKDL210007862-1a-AK19271-AK18821_HLNT5DSX2_L2",1.82920703598385,0.708306370258745,"VENO"
"838","VENO_12_EKDL210007862-1a-AK19267-AK18837_HLNT5DSX2_L2",1.33308770782364,0.627267485602939,"VENO"
"839","VENO_14_EKDL210004788-1a-AK11519-AK16232_HHJYYDSX2_L1",1.48242195593875,0.657250646748145,"VENO"
"840","VENO_15_EKDL210004789-1a-AK11519-AK16232_HHJYYDSX2_L2",2.64927029611147,0.775624655070948,"VENO"
"841","VENO_16_EKDL210004788-1a-AK11178-AK16246_HHJYYDSX2_L1",1.87742878798389,0.714011459295094,"VENO"
"842","VENO_17_EKDL210005548-1a-AK11629-AK16249_HHJKNDSX2_L4",1.90217369905314,0.720345288397709,"VENO"
"843","VENO_18_EKDL210004789-1a-AK11661-AK16241_HHJYYDSX2_L2",1.17167506475153,0.596409062299591,"VENO"
"844","WADD_01_EKDL210004790-1a-AK11246-AK16274_HHJYYDSX2_L3",1.33722856317762,0.622399329826872,"WADD"
"845","WADD_02_EKDL200012859-1a-AK11479-AK16234_HNLVYDSXY_L1",0.845403643704699,0.49395333113067,"WADD"
"846","WADD_03_EKDL200012859-1a-AK11630-AK16248_HNLVYDSXY_L1",0.845768691815194,0.501373653787781,"WADD"
"847","WADD_04_EKDL210007863-1a-AK19138-AK23746_HLNT5DSX2_L2",1.1703410258824,0.591769559510505,"WADD"
"848","WADD_05_EKDL210005548-1a-AK11726-AK16225_HHJKNDSX2_L4",2.34869556041183,0.758677795505882,"WADD"
"849","WADD_06_EKDL210007863-1a-AK19170-AK23747_HLNT5DSX2_L2",2.04233153889716,0.732019842516955,"WADD"
"850","WADD_07_EKDL210007863-1a-AK19017-AK23748_HLNT5DSX2_L2",2.24001981560539,0.74577438119006,"WADD"
"851","WADD_08_EKDL210007863-1a-AK23749-AK23750_HLNT5DSX2_L2",1.06023158404221,0.566332834502153,"WADD"
"852","WADD_09_EKDL210007863-1a-AK31851-AK31852_HLNT5DSX2_L2",1.10401386513882,0.58052396762948,"WADD"
"853","WADD_10_EKDL210004789-1a-AK11460-AK16272_HHJYYDSX2_L2",1.44039740600274,0.639307611098106,"WADD"
"854","WADD_11_EKDL210005548-1a-AK11677-AK5989_HHJKNDSX2_L4",1.3282151281831,0.633331866830629,"WADD"
"855","WADD_12_EKDL210004790-1a-AK11512-AK16284_HHJYYDSX2_L3",2.56534676361582,0.766869409004814,"WADD"
"856","WADD_13_EKDL210005548-1a-AK11485-AK16252_HHJKNDSX2_L4",2.61794523429701,0.770502899718232,"WADD"
"857","WADD_14_EKDL210004788-1a-AK11475-AK16282_HHJYYDSX2_L1",1.22156520588408,0.607363247806088,"WADD"
"858","WADD_15_EKDL210004789-1a-AK11428-AK16253_HHJYYDSX2_L2",1.0938646505846,0.574494398117194,"WADD"
"859","WADD_16_EKDL210007863-1a-AK19144-AK23752_HLNT5DSX2_L2",0.790401012163478,0.483264086890564,"WADD"
"860","WADD_17_EKDL210007863-1a-AK19046-AK23753_HLNT5DSX2_L2",1.53632640261518,0.660178186033754,"WADD"
"861","WADD_18_EKDL210007863-1a-AK19081-AK23754_HLNT5DSX2_L2",0.989528952762431,0.545069436436273,"WADD"
"862","WADD_19_EKDL210007863-1a-AK19022-AK23755_HLNT5DSX2_L2",1.25367410642076,0.612277590783954,"WADD"
"863","ZECE_01_EKDL210004790-1a-AK12637-AK16268_HHJYYDSX2_L3",2.10023340677685,0.73293417943007,"ZECE"
"864","ZECE_02_EKDL210004788-1a-AK11667-AK16287_HHJYYDSX2_L1",0.572481420667253,0.390567813317754,"ZECE"
"865","ZECE_03_EKDL210007863-1a-AK18629-AK15913_HLNT5DSX2_L2",1.21940419094694,0.601905732053985,"ZECE"
"866","ZECE_04_EKDL200012859-1a-AK11582-AK8205_HNLVYDSXY_L1",0.45183505609059,0.330460417981194,"ZECE"
"867","ZECE_05_EKDL210005548-1a-AK11656-AK574_HHJKNDSX2_L4",1.00115056384586,0.552683024656501,"ZECE"
"868","ZECE_06_EKDL210007863-1a-AK23717-AK23718_HLNT5DSX2_L2",0.748275461520424,0.460133672115775,"ZECE"
"869","ZECE_07_EKDL200012859-1a-AK717-5UDI1548_HNLVYDSXY_L1",0.835653780861097,0.496838027917476,"ZECE"
"870","ZECE_08_EKDL210004789-1a-AK11600-AK6934_HHJYYDSX2_L2",1.13833921061533,0.586030626042196,"ZECE"
"871","ZECE_10_EKDL210007863-1a-AK18658-AK23719_HLNT5DSX2_L2",1.16199523439492,0.586702603678454,"ZECE"
"872","ZECE_11_EKDL210007863-1a-AK18980-AK23720_HLNT5DSX2_L2",1.37040880821164,0.632601080691718,"ZECE"
"873","ZECE_12_EKDL210009123-1a-AK19081-AK23754_HTVH3DSX2_L3",0.7245438626035,0.453265747553083,"ZECE"
"874","ZECE_13_EKDL210009123-1a-AK19022-AK23755_HTVH3DSX2_L3",1.64946204432146,0.681268225929056,"ZECE"
"875","ZECE_14_EKDL210004790-1a-AK11656-AK574_HHJYYDSX2_L3",1.58254817955211,0.673033371363927,"ZECE"
"876","ZECE_15_EKDL210005548-1a-AK8204-AK9482_HHJKNDSX2_L4",0.856550510908152,0.507394925639671,"ZECE"
"877","ZECE_16_EKDL210005548-1a-AK11384-AK16224_HHJKNDSX2_L4",1.39987989882408,0.642368157684412,"ZECE"
"878","ZECE_17_EKDL210005548-1a-AK10139-AK9682_HHJKNDSX2_L4",1.54838745639485,0.669059832738116,"ZECE"
"879","ZECE_18_EKDL210009123-1a-AK19167-AK31197_HTVH3DSX2_L3",0.649796952812251,0.427222439096364,"ZECE"
"880","ZECE_19_EKDL210009123-1a-AK19040-AK34209_HTVH3DSX2_L3",0.479444561931847,0.344087748392664,"ZECE"
"881","ZECE_20_EKDL210004788-1a-AK11675-AK16223_HHJYYDSX2_L1",1.32184825178308,0.623013690001055,"ZECE"
"882","ZECE_22_EKDL210004788-1a-AK11593-AK16256_HHJYYDSX2_L1",1.31285460181338,0.621862753226488,"ZECE"
"883","ZECE_23_EKDL210004788-1a-AK11698-AK16226_HHJYYDSX2_L1",0.896000750164328,0.516915447909241,"ZECE"
"884","ZECE_24_EKDL200012859-1a-AK11675-AK16223_HNLVYDSXY_L1",1.16567026352245,0.589558158429325,"ZECE"
